channel_id,channel_title_api,uploads_playlist_id,subscriberCount,channel_viewCount,channel_videoCount
UC9LSB_kheNrgtQvt7Y9CRKw,洋哥在德国 Yang's World,UU9LSB_kheNrgtQvt7Y9CRKw,6500,359993,238
UCjqULHbqrSPumLX9GtejZ8g,一只小李的记事本 Suzy&Lee 's Memo.,UUjqULHbqrSPumLX9GtejZ8g,1330,114368,99
UC-u8NRwtCMsE51fHvCwLxlA,和Yifan聊科研,UU-u8NRwtCMsE51fHvCwLxlA,218,5276,10
UCR1do0CGxXn_omXErjBhNjg,TallTalk涛声（FuturePlusOne）,UUR1do0CGxXn_omXErjBhNjg,9470,662292,524
UCF_9s3xKI8EoicQsrv9CRRA,JerryIELTSspeaking雅思口语,UUF_9s3xKI8EoicQsrv9CRRA,6450,1148846,475
UCVkpqvwDMVphYhZUvQdtLvA,這是西卡 Jessica,UUVkpqvwDMVphYhZUvQdtLvA,1500,75299,21
UCaOSF27hb9ixBrE9j2GDQ7Q,Notric,UUaOSF27hb9ixBrE9j2GDQ7Q,776,57283,71
UClUkqKsBM2voJNuT3uUu0gw,凯文凯乐说教育,UUlUkqKsBM2voJNuT3uUu0gw,3030,207000,94
UCHogVpvlZ1f-_gk53QtFNLQ,黄老师讲留学,UUHogVpvlZ1f-_gk53QtFNLQ,1450,198984,575
UC1ZxhpbMYM-Y3-h21Z24VEw,陈航说留美,UU1ZxhpbMYM-Y3-h21Z24VEw,10600,1706206,2495
UCUXG4JIKWp6lKMLIv0_LwJA,海那一边 | FAR FAR AWAY,UUUXG4JIKWp6lKMLIv0_LwJA,1300,162145,795
UCAxQ8sjHgjXh26la7jEBw3w,Mike是麥克,UUAxQ8sjHgjXh26la7jEBw3w,199000,25624046,757
UCR2kLeNKOIahALWnFOv23yw, 德国学长学姐团 Deutschlands Kommilitonen,UUR2kLeNKOIahALWnFOv23yw,1360,45435,99
UCjixEGwV57no2ifw_2WHwhQ,昊昊空间,UUjixEGwV57no2ifw_2WHwhQ,16300,467953,123
UCRmyGLhfzf47Udutk5mCz9A,Irina学姐,UURmyGLhfzf47Udutk5mCz9A,3340,232323,106
UCpQjT0lpQxTV7tNXee65LqQ,TangTalk—您的美国数字居民专家,UUpQjT0lpQxTV7tNXee65LqQ,66400,4542706,413
UCzHytQ4ujlLd8GVke8pEl4Q,Mushroom在加拿大的分享,UUzHytQ4ujlLd8GVke8pEl4Q,391,16886,63
UCjfhzH8BC1qS5iVkxcz8Ilw,Kristen's Secret,UUjfhzH8BC1qS5iVkxcz8Ilw,838,99150,91
UChx9wI0xb2l90aKziUvmAvQ,Crystal小葵,UUhx9wI0xb2l90aKziUvmAvQ,211,3999,15
UCkutAOZBr7dzcJBi5wfT_cQ,龚老师Grace在新加坡,UUkutAOZBr7dzcJBi5wfT_cQ,3250,1363766,344
UCqq-zE25g5KTuXpX_j4LlGQ,JESS_ XXX,UUqq-zE25g5KTuXpX_j4LlGQ,328,38830,12
UCNwPlH0WsnHPDDwzp_Yx66g,小马弗兰克,UUNwPlH0WsnHPDDwzp_Yx66g,5480,507089,405
UCHH_oM5u8K0Az_h9lfmEjqg,纽约顾老师,UUHH_oM5u8K0Az_h9lfmEjqg,48,10703,12
UCPvGxthovBRnHW04dZ9rrRg,小北的生活指北,UUPvGxthovBRnHW04dZ9rrRg,176,8947,28
UCHm5CAIxb79Y_MTlRP9ntvQ,蓝蚁咨询,UUHm5CAIxb79Y_MTlRP9ntvQ,11800,1414781,461
UC6vAUFW16NqLDfI2vCQ3rKw,留学问多点,UU6vAUFW16NqLDfI2vCQ3rKw,419,52274,143
UC_s1QdEyxqzFFH2G9RHjfTg,海叔在路上,UU_s1QdEyxqzFFH2G9RHjfTg,128000,11846046,1307
UC4tk7w1r8HB86uRsVOHPAMg,Wild Yogi Sarina萨野,UU4tk7w1r8HB86uRsVOHPAMg,2140,647032,1031
UCoQ2yLuQbpE6sd1E-5aE6tA,陈永仁,UUoQ2yLuQbpE6sd1E-5aE6tA,20000,1126353,182
UCB6UTEKfI_djUna47AuItWQ,阿信學長日本留學,UUB6UTEKfI_djUna47AuItWQ,8360,941997,468
UC2tw_wf-ImG6uNuNucR7m3Q,河马赴美,UU2tw_wf-ImG6uNuNucR7m3Q,1220,377472,1752
UC9ZdhW1MaXQdquJLVvD_ACA,家住美国,UU9ZdhW1MaXQdquJLVvD_ACA,8750,1826912,3913
UCj-4WnjxJ2VW4DP0uZiawrg,Ivy墨尔本,UUj-4WnjxJ2VW4DP0uZiawrg,209,135031,451
UCZxPvqQuh7rT4yInWlnlppA,上有天堂下有姜尚,UUZxPvqQuh7rT4yInWlnlppA,7740,512728,293
UCmKtmPpUxShT_BnxuZ1FJ_w,Sally interview,UUmKtmPpUxShT_BnxuZ1FJ_w,15100,977051,192
UCvuRCzO1ng-_5qASxt7G_eg,Yang 爱尔兰留学,UUvuRCzO1ng-_5qASxt7G_eg,621,52500,55
UCrefAb-uq5jtTx2C9f6Qkzg,Mark Ma,UUrefAb-uq5jtTx2C9f6Qkzg,546,30564,38
UC2sMlA9cJEIlh4nxeZ4Pdng,DecisionMade移民频道,UU2sMlA9cJEIlh4nxeZ4Pdng,38900,2292329,859
UCgNLIhQ-2RBG3DF145292pQ,Enlighteens 引青教育,UUgNLIhQ-2RBG3DF145292pQ,20000,4479144,533
UCWIjH9_kdpKZNM3amX-2Xgg,Nicole Lee ʕ •ᴥ•ʔ,UUWIjH9_kdpKZNM3amX-2Xgg,133000,16476895,331
UCO1IBg1MVd1DTXoGrp57nLw,GummyFit,UUO1IBg1MVd1DTXoGrp57nLw,2810,280911,171
UCoBy7HeYekMU4HMm7hEHJ3g,羊村长,UUoBy7HeYekMU4HMm7hEHJ3g,3960,251676,96
UCbAb4AkuZOY3OdgEB4IvRGg,为成年 HighSchool. my,UUbAb4AkuZOY3OdgEB4IvRGg,32800,3397798,433
UC3WGRfi4YCBrA9rC9WEl6tA,芥末留学,UU3WGRfi4YCBrA9rC9WEl6tA,39,13984,49
UCStxtWvGkVughraqZitRtfg,Zoey in 🇳🇿,UUStxtWvGkVughraqZitRtfg,8020,514948,209
UC8z32mCetb9wyfdK-gGSzxQ,NEO学长在新加坡,UU8z32mCetb9wyfdK-gGSzxQ,1510,225452,72
UCujPbTsyzj_O-Np4XKswE8w,ello cheeks,UUujPbTsyzj_O-Np4XKswE8w,20900,637815,46
UCAUFNRuhGX4l9jFkMBX_p0A,环球移民法律事务所,UUAUFNRuhGX4l9jFkMBX_p0A,2550,1277199,222
UC5xLV_gJAP9psKcyrJ3ZIcw,WhynotTV,UU5xLV_gJAP9psKcyrJ3ZIcw,13200,195594,23
UC65L_lr-YglRl94XFlLdplg,Penny Tang,UU65L_lr-YglRl94XFlLdplg,2200,165601,134
UCaIqNzFaivZ_qMaleX_e97g,子聪学长说 Mr Ong Talk,UUaIqNzFaivZ_qMaleX_e97g,5530,459646,110
UCzpHH1P6W3BN0ZzesDeNJMQ,Tiaa 姐姐,UUzpHH1P6W3BN0ZzesDeNJMQ,2910,177967,20
UCeo3JwE3HezUWFdVcehQk9Q,阿滴,UUeo3JwE3HezUWFdVcehQk9Q,2890000,467531374,948
UCdHjReHYXrQ2nvWrqn_8jQw,小V学姐在加拿大,UUdHjReHYXrQ2nvWrqn_8jQw,1440,101240,177
UCNSL7Vt0ejSh_6tvzMF0zQA,老胡讲英语,UUNSL7Vt0ejSh_6tvzMF0zQA,1270,44876,43
UCEyNuZZ7EidLpVLi3cTNsxQ,庫雷Nick,UUEyNuZZ7EidLpVLi3cTNsxQ,596,38260,91
UCfQznx3qxJShV_XX2zxO8Ew,鹿茸,UUfQznx3qxJShV_XX2zxO8Ew,5460,242551,40
UCsPojK_nhNyIThf_I9ztnBg,沫沫茶茶冰,UUsPojK_nhNyIThf_I9ztnBg,214,29207,28
UCUz71ymRyv_hdn1Aya067Nw,雅思IELTS,UUUz71ymRyv_hdn1Aya067Nw,18,946,3
UCb5CLIe2eKtSC5Eq7XmgZoQ,Sherry Li,UUb5CLIe2eKtSC5Eq7XmgZoQ,143000,13100635,95
UC56hnrGvbnChZ6Vc_QRfEAw,V言片语V生活,UU56hnrGvbnChZ6Vc_QRfEAw,18,2209,27
UCAXYUIlnzX62PppZ6BvOA1w,MrYang楊家成,UUAXYUIlnzX62PppZ6BvOA1w,1660000,335548676,470
UCUbKYuCGh71sbBRz_HqRDKA,埼玉老师话日本,UUUbKYuCGh71sbBRz_HqRDKA,105,6071,20
UCo2XPsc78u5_I6yK5l52TNg,续航教育(Forward Pathway LLC)留学中介 美国名校申请权威规划,UUo2XPsc78u5_I6yK5l52TNg,1080,132515,53
UCM6cPTJbpMqsnqMy6lrAiKg,武博在英伦,UUM6cPTJbpMqsnqMy6lrAiKg,6,1048,15
UCf1jld8ZMcdZ5hwahEFIXFA,晨风Digest,UUf1jld8ZMcdZ5hwahEFIXFA,39900,9494384,1374
UCOQEc5cZiK6BS4L839p-BNQ,SelinaW,UUOQEc5cZiK6BS4L839p-BNQ,1650,154312,27
UC4dVyhSF2S02rqPEmc90Rug,Aro是龚敏呀,UU4dVyhSF2S02rqPEmc90Rug,140,12620,118
UC4ySrofHziwleM2ocWOwZFA,Crystal小课堂,UU4ySrofHziwleM2ocWOwZFA,1020,36704,21
UCTiGEu9YJ_XtGr7Vjm41p5Q,《美国升学直通车》文美集团-洛杉矶华人网,UUTiGEu9YJ_XtGr7Vjm41p5Q,482000,5355362,1653
UC2zftWUwWmD_i85WzzUUOMQ,云蔓赚钱研究院,UU2zftWUwWmD_i85WzzUUOMQ,84,3691,103
UCAnQLOgT1_Lhe4jidK-h8Hg,AmazingTalker - 1 對 1 線上家教平台,UUAnQLOgT1_Lhe4jidK-h8Hg,478000,265942199,2096
UCFjqAKR9UVS28ucTNuVTexA,ElenaLin_青青,UUFjqAKR9UVS28ucTNuVTexA,463000,35332268,345
UCgNkrYuqkwGo_SRLl-zymJQ,火哥on the road,UUgNkrYuqkwGo_SRLl-zymJQ,63,3064,6
UCd0uq2vl8S1fJ4B3EeYcuQg,美加文教,UUd0uq2vl8S1fJ4B3EeYcuQg,3660,1423818,347
UCJjQC75hvHEEEYkJcS4HrXw,Jc洁慈,UUJjQC75hvHEEEYkJcS4HrXw,4510,323715,48
UCSVNC-RI6CwubjqEeoTQEOw,蔚茵 WeiYin,UUSVNC-RI6CwubjqEeoTQEOw,9200,409905,43
UC7-2xDgo0tfrElrmxRvOaAw,julie wang,UU7-2xDgo0tfrElrmxRvOaAw,1,336,3
UCerH5oS53YuiOsu0NDhNm1w,大熊猫的文书馆,UUerH5oS53YuiOsu0NDhNm1w,999,64701,31
UCR9I5TEYBeabOG07_eZU_Ug,Yu Haoran,UUR9I5TEYBeabOG07_eZU_Ug,1120,42023,16
UC7gY-dw-fbsi3CGdleKBtCA,Yahua,UU7gY-dw-fbsi3CGdleKBtCA,10300,535933,185
UC6F_7QNiqEuIoEww626yFaw,美国村長,UU6F_7QNiqEuIoEww626yFaw,11000,1566259,1033
UCTlpJmTZL7w2PSxzST7e6GQ,周医生的科研馆,UUTlpJmTZL7w2PSxzST7e6GQ,3260,122350,244
UClpEEa6QUTENzmJhvj1mCtw,优途加拿大 UTOCANADA,UUlpEEa6QUTENzmJhvj1mCtw,2630,926415,227
UCw2PykXljMFS6CJTldSzBXw,瑞緹Areti,UUw2PykXljMFS6CJTldSzBXw,12900,826547,95
UC13dA6JsgCgZ7RwAkXKLrzA,王梁的硬核留学干货,UU13dA6JsgCgZ7RwAkXKLrzA,24,2159,8
UC8yI85YCEs4tTP7Pj-W5m7w,大热门硅谷,UU8yI85YCEs4tTP7Pj-W5m7w,243,12123,4
UCpz-G12ZrBBMExbmHVcuCqg,九牛问津,UUpz-G12ZrBBMExbmHVcuCqg,4,361318,13
UCyEvsE1fb-Lbf1qRv04tW6Q,Sherry Lu,UUyEvsE1fb-Lbf1qRv04tW6Q,6010,315251,172
UCOGk7wgE-xXPMgyw0S7STBA,54黃蓉,UUOGk7wgE-xXPMgyw0S7STBA,130000,11761039,84
UCzeMbdqDO6yS4fEVJ1LXiVg,31 LazyChill ,UUzeMbdqDO6yS4fEVJ1LXiVg,1450,119819,48
UCXrsymaGxtlwJ_SC54fYktA,耀坤说留学,UUXrsymaGxtlwJ_SC54fYktA,12,25215,63
UCFt7UvdMwbqlURtHyoY7FPQ,奥弗尔教育咨询,UUFt7UvdMwbqlURtHyoY7FPQ,63,17913,44
UCuIGphXIiiDDIPCB4rKGQ2A,Jason Knows,UUuIGphXIiiDDIPCB4rKGQ2A,13,6883,2
UCFpsQfRiFmQmWEnfFWG-q4Q,跟着Marc学法语,UUFpsQfRiFmQmWEnfFWG-q4Q,6880,378988,176
UCwFDRxYJQzqoyjwSe8-gyCQ,盖比Gaby,UUwFDRxYJQzqoyjwSe8-gyCQ,1280,57044,48
UCTJFp7HaJXR3ZGuljpBv-NA,留学兵法,UUTJFp7HaJXR3ZGuljpBv-NA,2650,205530,242
UCHAxhBuE-MP8aEHMAh_xQdw,枫言枫语,UUHAxhBuE-MP8aEHMAh_xQdw,70,2213,3
UCXxoV53RAmmk4HU1L5iCjRw,Viral Kini,UUXxoV53RAmmk4HU1L5iCjRw,52900,59175383,4993
UCB_6hg9LiAws_n5m9sETT8g,Thea and Gabi,UUB_6hg9LiAws_n5m9sETT8g,1360,105419,29
UCyk9QKiZTYampLDbliPOXWw,晓惠_Max,UUyk9QKiZTYampLDbliPOXWw,61,3729,24
UC73zw2UEl_c3AqHf1YphayQ,一起雅思,UU73zw2UEl_c3AqHf1YphayQ,1100,399,7
UCPLYRTMSJYiUmhK1OQCCzhw,Rita Seow,UUPLYRTMSJYiUmhK1OQCCzhw,1420,60483,25
UCUBlZIkVimSw4BqRCnCli3g,雅思COACHFionaaa练拳版,UUUBlZIkVimSw4BqRCnCli3g,1,45,16
UC3IVMiBqZqZn6MJSWsE-H_A,念念英文NNEnglish,UU3IVMiBqZqZn6MJSWsE-H_A,12600,2567832,407
UCZ_YUJOBT_w8tYrXsTz7rXA,微信:essay666com,UUZ_YUJOBT_w8tYrXsTz7rXA,10,4404,321
UCZXhQ2OKti2rDAVyZJ9mk4A,Clark - 加村生活 Life in the Great White North,UUZXhQ2OKti2rDAVyZJ9mk4A,3270,94630,26
UC3oPLSUxraFFbHu3GumlyWg,FanfaniShare学英语,UU3oPLSUxraFFbHu3GumlyWg,30800,1117027,386
UC8PwDzunhC2DFZ_d4hUJ9HA,雅培英语IP ENGLISH线上课堂,UU8PwDzunhC2DFZ_d4hUJ9HA,476,32225,253
UCM3kZS-kLaSqfJnfY8UBCag,Laurence雅思老师&加拿大移民顾问,UUM3kZS-kLaSqfJnfY8UBCag,7900,341064,286
UCGM0PVi54wQyQQkFfSAzH9A,Shifu Frank,UUGM0PVi54wQyQQkFfSAzH9A,164,21734,10
UCG-MeHtm_OgNryLsLVFJEPA,Su_ll,UUG-MeHtm_OgNryLsLVFJEPA,144,95537,725
UCdyX6f6qxx34SueVS8evCrw,AliaLiu IELTS,UUdyX6f6qxx34SueVS8evCrw,395,16271,4
UCOlRgRTo3Wm5FUM4R4KWODg,脱发秘籍搬运工,UUOlRgRTo3Wm5FUM4R4KWODg,2460,113700,410
UCaJvyfS0Et8ZSa5N-hU3eSQ,兔趴趴_ToolPapa,UUaJvyfS0Et8ZSa5N-hU3eSQ,4,299,6
UC4yTO8r8wJubEvV5OQkJaCw,小火柴说英语,UU4yTO8r8wJubEvV5OQkJaCw,691,1451916,143
UC27JIItlLoEtRRHf-dIKRxg,熊出沒注意 Ashley Hsiung,UU27JIItlLoEtRRHf-dIKRxg,19700,1546109,147
UCbCY35UbEFqOHiS5kwzGm6g,珍在加拿大,UUbCY35UbEFqOHiS5kwzGm6g,2680,126739,75
UCLA_6BCELPj7jzofPSeu6Lg,Hancy's Lifelong Learning,UULA_6BCELPj7jzofPSeu6Lg,0,4,1
UCCG1nxUmZwIauqTwN32KRug,小锦鲤是李🍊,UUCG1nxUmZwIauqTwN32KRug,2,732,28
UCi6kbBNPjb7F-6LcHqUdTiA,数字指南针,UUi6kbBNPjb7F-6LcHqUdTiA,82100,2808108,22
UCQrTzrwv-IQqZJGm4OPhGhw,加拿大俩哥特,UUQrTzrwv-IQqZJGm4OPhGhw,226000,343079929,797
UCcAnVKRJTbF85jMpAPdcybA,Learnwithjohn,UUcAnVKRJTbF85jMpAPdcybA,72,1793,85
UCN1yFKj4FmIw8BofkujMRxQ,千千子ovo,UUN1yFKj4FmIw8BofkujMRxQ,5,713,60
UCafooo4TDX_iihYLOlaz-og,Vic和卯卯,UUafooo4TDX_iihYLOlaz-og,41,809,12
UCY8yjQHwvHb-FyPpE9jQLNQ,idp,UUY8yjQHwvHb-FyPpE9jQLNQ,41900,14473788,326
UC6AQ_9ixKCbZOZ_mcqp7tTg,Jack Ma,UU6AQ_9ixKCbZOZ_mcqp7tTg,45,1056,21
UC3zRMGXbdoITULxhmWknN3Q,我是戴倫,UU3zRMGXbdoITULxhmWknN3Q,1870,628319,208
UC_5G0OgShCZA3VkDRubljqg,亦丰老师讲留学(晚上8点直播),UU_5G0OgShCZA3VkDRubljqg,91,135822,221
UCAa1MVHUab479orCEtNgb0A,kelvin,UUAa1MVHUab479orCEtNgb0A,202,80,19
UCePUghEZDbyRrUvFrN2YyXg,Jiaying的雅思教室,UUePUghEZDbyRrUvFrN2YyXg,589,36175,28
UCdJmmhEo3lhtY47boL4aK7g,Hayley在温尼伯,UUdJmmhEo3lhtY47boL4aK7g,20,2388,12
UCuphOA-RstyjoQbnvkFYYeg,Xiaoshu LUO,UUuphOA-RstyjoQbnvkFYYeg,22,2276,27
UCXGzcZA1ECGBEgipsv1RCaA,LY 雅思学堂,UUXGzcZA1ECGBEgipsv1RCaA,2560,1405163,1510
UComF94K6r8RNZnBHO-ZHFyw,Sun老师教雅思,UUomF94K6r8RNZnBHO-ZHFyw,9,217,1
UCK3XGMT5J51CFCZVBOKO1kQ,迅达英语PTE雅思培训机构,UUK3XGMT5J51CFCZVBOKO1kQ,1210,199365,1441
UCcdsrFVldz4-l5OfBKCXfFQ,舒宜师姐,UUcdsrFVldz4-l5OfBKCXfFQ,50,5933,114
UCXuoFLeobzFlo-3eZcq19Zg,加国普通人Jay,UUXuoFLeobzFlo-3eZcq19Zg,32,5430,64
UCZYzYQf9C4gMJwlL3CDiIrA,白話福音,UUZYzYQf9C4gMJwlL3CDiIrA,5610,474591,256
UCAa-hSkNauR9XcOGpRYi1PA,胶囊助学计划,UUAa-hSkNauR9XcOGpRYi1PA,3370,299167,610
UCvFDn4qX3NKGvXMGkleGhdA,Roxanne_33,UUvFDn4qX3NKGvXMGkleGhdA,27900,2180738,136
UCfJxJwoayio4u0AfiZCsWRA,领语教育,UUfJxJwoayio4u0AfiZCsWRA,96,7369,37
UCF4sAUiPGw_MUrqFunmPOlw,Liiizy,UUF4sAUiPGw_MUrqFunmPOlw,4,198,37
UC2gGj0YNl04Gly86zunXYDw,艾尔文英语课堂 Alvin's English Classroom,UU2gGj0YNl04Gly86zunXYDw,43,1501,11
UCBcGlKUvmBmUmToqsYeJA-g,K.I.S.S IELTS with Lynn,UUBcGlKUvmBmUmToqsYeJA-g,30300,1297253,1038
UCqvea4QYkg6_c92OnMhK9Ng,CELPIP MASTER,UUqvea4QYkg6_c92OnMhK9Ng,8920,1054681,315
UCS9KUwRRwq0isJZZ5yW4D1Q,Running_布莱恩,UUS9KUwRRwq0isJZZ5yW4D1Q,857,22525,23
UC9hckzUJ030yda2Wi2COXmQ,芙小只Flora,UU9hckzUJ030yda2Wi2COXmQ,84,6278,3
UC3jEkpF3O2Gv9fU_x8aDDxw,K姐不务正业,UU3jEkpF3O2Gv9fU_x8aDDxw,232,24603,214
UC7rJuWp7FS_1apChKmKD4Mg,MaggieTao’s English,UU7rJuWp7FS_1apChKmKD4Mg,1160,626767,476
UCQZkEA4kHOgZh6Py8YjtO2w,移民的真相,UUQZkEA4kHOgZh6Py8YjtO2w,21500,2352316,511
UCDbJRAOE_YzSIsM80FCE8xg,美国王探长,UUDbJRAOE_YzSIsM80FCE8xg,12900,908278,56
UCd7EsIlBsvo4WcsP0U2C1_w,龙看美国,UUd7EsIlBsvo4WcsP0U2C1_w,84,39599,2
UC6q1Zrbd1SRDz9FXpP_xUXg,北美华人视界,UU6q1Zrbd1SRDz9FXpP_xUXg,161,203136,210
UCFDHJANDaxx8nFwixnQp6-g,Warmuth Law 華明勝律師事務所,UUFDHJANDaxx8nFwixnQp6-g,2730,2472596,391
UC7Cd0lafYHxoDF7o3tJCHlg,寰美出国,UU7Cd0lafYHxoDF7o3tJCHlg,15,39064,107
UC1y5xhsGt4H7el5XT4Ovyiw,美加移民,UU1y5xhsGt4H7el5XT4Ovyiw,294,28146,18
UCsGyIiOOxKA5og-kkfCsJWg,Max移民指南,UUsGyIiOOxKA5og-kkfCsJWg,2760,1552932,420
UCUh1LPG-zc8ofdugdSoXthg,外滩移民,UUUh1LPG-zc8ofdugdSoXthg,289,162909,107
UCX-FmhN9I1IsOyyhH91erVA,🔥野火教育,UUX-FmhN9I1IsOyyhH91erVA,982,79507,201
UCFDMMIHbtRdrVhHlGXVzApA,老周横眉,UUFDMMIHbtRdrVhHlGXVzApA,533000,53810576,245
UCh3aAasP-fnA74ZPl9so6fA,猫本咖啡豆,UUh3aAasP-fnA74ZPl9so6fA,16600,4209885,477
UCSX99Rvq5dszj6rzAPkdglA,56BelowTV 零下56,UUSX99Rvq5dszj6rzAPkdglA,547000,124057229,1155
UCTWGShWvuouYKnUHGDQR5GA,New Weiming Law新未名美国移民,UUTWGShWvuouYKnUHGDQR5GA,12900,1853027,1030
UCzYYzigb1vXR0GQXXBja2kg,多伦多方脸,UUzYYzigb1vXR0GQXXBja2kg,528000,108896128,433
UC-ayKOXvIcatt5VocwTrU9Q,How视频,UU-ayKOXvIcatt5VocwTrU9Q,696000,212064990,17612
UCu5Owl3tCmjYCtd_TBZSc2g,移民文案Andy,UUu5Owl3tCmjYCtd_TBZSc2g,15,69070,23
UCGR7Nye7vbvzGSb5FdlKsbQ,博士屯Monica学姐,UUGR7Nye7vbvzGSb5FdlKsbQ,712,18654,46
UCVlCtnWjQ2K_hg-rTgFavLw,美国宝藏姐Sister TV,UUVlCtnWjQ2K_hg-rTgFavLw,20900,3682859,955
UCrV83IIggEf66XnAHsTtLaQ,美国公民入籍考试学习中心【马老师】,UUrV83IIggEf66XnAHsTtLaQ,27700,4564869,123
UCVgJ8iHcv1HQELtBBg52d9A,舒寒律师事务所,UUVgJ8iHcv1HQELtBBg52d9A,892,1543236,245
UCmogHZa_nyo8u-31FR9w07g,M叔聊移民,UUmogHZa_nyo8u-31FR9w07g,84600,27229984,1305
UCS1JbmEiX3X1b90n66BavrA,Asylum in America,UUS1JbmEiX3X1b90n66BavrA,99,41971,94
UCX3CDYQ9dS2BdBW__0NFt0w,michelle澳新移民通,UUX3CDYQ9dS2BdBW__0NFt0w,142,20243,56
UCAwU1-9kzd1RpH8Bx874y5g,阿文抵加 Awen in Ca 🇨🇦,UUAwU1-9kzd1RpH8Bx874y5g,32900,2103430,64
UC3g-0OQ67iaFIs1iqd-LHSw,雲山藍,UU3g-0OQ67iaFIs1iqd-LHSw,144,54914,102
UCnFQNkpuGWuJMu70cdC8cYA,Angela in NZ,UUnFQNkpuGWuJMu70cdC8cYA,3540,356097,204
UCYVCKMp_5mPGpWexu_LON2Q,美国移民生活,UUYVCKMp_5mPGpWexu_LON2Q,21300,4983357,1231
UCXyK_zHyPFkf0YRb7mxyuzg,Carrie Peng 言信移民律师事务所,UUXyK_zHyPFkf0YRb7mxyuzg,37,36753,147
UCTTKHnQxYPyVBdwG9F-MvRw,"Ying Xiang, Esq. 项滢 美国移民律师",UUTTKHnQxYPyVBdwG9F-MvRw,1620,154225,149
UC2EblFj7QGFrJHV_8_gbyMg,大老王真知·王吉舟高清频道丨LaoWang Talk Channel,UU2EblFj7QGFrJHV_8_gbyMg,120000,15036264,219
UClcaY_xyf2xG-GrNZEI-SKg,上岸说,UUlcaY_xyf2xG-GrNZEI-SKg,330000,4754322,550
UC-cHcQu42aCsqMs0h3jU0pg,Yoshi Yoshi,UU-cHcQu42aCsqMs0h3jU0pg,16800,1290807,109
UColYRXnGCRoHYCE-1ilrVTw,Marry in USA ,UUolYRXnGCRoHYCE-1ilrVTw,819,50052,103
UCJAPsTtcJJWGk8e-_CJL8TQ,一个狠人,UUJAPsTtcJJWGk8e-_CJL8TQ,124000,19189883,576
UCQlsPZL9hFasMEX7ywG_sfQ,Stan的聊政事兒頻道,UUQlsPZL9hFasMEX7ywG_sfQ,48300,6777092,599
UCMtA1T8163SKGgwUGSxTZUg,愛迪生玩遊戲,UUMtA1T8163SKGgwUGSxTZUg,156000,52282562,718
UCNZucoAyJvujYq8pBPVHEIA,侨梁出国创始人Ivan&Joanna,UUNZucoAyJvujYq8pBPVHEIA,1200,300439,1070
UC4LxZo5Tq_zRKCvD-BD7XIg,StyleInBeta,UU4LxZo5Tq_zRKCvD-BD7XIg,10300,395295,41
UCN1-Crzx6tmeF60PS7Xf9tg,Mia Wang,UUN1-Crzx6tmeF60PS7Xf9tg,12100,352276,86
UCDk6asxFuM-xPere94mOAng,EB-5女司机LilyGuoNYC,UUDk6asxFuM-xPere94mOAng,175,113700,471
UCzNLG52-_QcQf5uOY5xyRPA,澳洲奔跑留学移民,UUzNLG52-_QcQf5uOY5xyRPA,6130,1072148,605
UCjgFy-k3YYsH0SvxpUeJsHg,曾琦律师-Newland Law Firm,UUjgFy-k3YYsH0SvxpUeJsHg,105,24051,106
UCtQ-RTzLYLhmlz3nvaiaDpw,博亚移民,UUtQ-RTzLYLhmlz3nvaiaDpw,3110,239650,393
UCO2qBII1NjLVp5H7RJFL-cQ,Mr. Bear 熊先生,UUO2qBII1NjLVp5H7RJFL-cQ,2140,119014,252
UChAIG-0U_i4bLJKo942VrqQ,Demidchik Law Firm,UUhAIG-0U_i4bLJKo942VrqQ,127,124082,201
UCViJovHFa0t7Dz5Pl-Sg9yA,华人一站通,UUViJovHFa0t7Dz5Pl-Sg9yA,840,152576,44
UCYEIFg3JDfNMCUe_KdLUiKA,移民哪个国家好,UUYEIFg3JDfNMCUe_KdLUiKA,39000,3732961,962
UCm2wHOnC2e_E0fKbQwamuWg,尔湾LEO,UUm2wHOnC2e_E0fKbQwamuWg,9310,495909,111
UCVF6gjJKlXJ8vilqiCGUIdA,孟小洁律师 Meng Law Group,UUVF6gjJKlXJ8vilqiCGUIdA,6730,449372,247
UCrEVFdpXqBMkAayJ6k2mSYw,愛無界國際婚戀YouTube官方頻道,UUrEVFdpXqBMkAayJ6k2mSYw,2180,110493,117
UCvFhmHoFy3I_v3KdVU01GFw,yoyo在日本,UUvFhmHoFy3I_v3KdVU01GFw,35700,42586608,894
UC8ZWJIogv9bxpDrRZR8qQ4w,American Dream,UU8ZWJIogv9bxpDrRZR8qQ4w,3570,1405496,789
UCIuY5MuPLZzyTJkCHJ4oF1A,Sukachannel,UUIuY5MuPLZzyTJkCHJ4oF1A,223,61046,25
UCsZMq8uycFCPK4SmVKEwl-Q,新加坡达哥,UUsZMq8uycFCPK4SmVKEwl-Q,7720,3212969,137
UCjaCGx4hUO76BAo72WvzEIQ,Rico身份规划,UUjaCGx4hUO76BAo72WvzEIQ,2,4698,1
UCPZNfYifzNu3lQw3q__OH6Q,ジュンとクリス / JUN and KRIS,UUPZNfYifzNu3lQw3q__OH6Q,29500,10800987,425
UCjq7GBByaQs-pd__Vtln3Hw,樾总的美绿,UUjq7GBByaQs-pd__Vtln3Hw,28,19549,63
UCMKut5CTdX9O6bhiNQsFPmA,SwissNara LifeStory スイス暮らしの6人家族,UUMKut5CTdX9O6bhiNQsFPmA,213000,93188226,242
UCSE7JoR2i_VDrbzybpGu6ZA,Leah's English 莉雅老师,UUSE7JoR2i_VDrbzybpGu6ZA,199000,26294178,320
UClP87i5mfCGAXxDZUGyYGXA,美国庇护消息,UUlP87i5mfCGAXxDZUGyYGXA,3700,185088,164
UCw5Cdjwwpi4qoyV4wBbwiCw,小张和达妮娅,UUw5Cdjwwpi4qoyV4wBbwiCw,0,30,30
UCxvc2WcIXhFZ_-_9Hm7b_Aw,"Tsang & Associates, PLC",UUxvc2WcIXhFZ_-_9Hm7b_Aw,25700,7961604,1413
UCqxqw30yoHX_757KkRxbejw,zuki vlog,UUqxqw30yoHX_757KkRxbejw,47800,61555929,220
UCHLuXYn2_yHAIGUp3CF-65A,艾睿老爸在美国,UUHLuXYn2_yHAIGUp3CF-65A,796,173387,176
UCGSiJhwFGQmk31qjcK_rJzA,ZiaoEr,UUGSiJhwFGQmk31qjcK_rJzA,8,6226,1
UCAf-5KcNI0YzKy5xd6wAZHQ,凯莉姐姐,UUAf-5KcNI0YzKy5xd6wAZHQ,35900,15423380,177
UC4aKH_8oksq3HKgBZB8y2iw,陈涛,UU4aKH_8oksq3HKgBZB8y2iw,211,85840,106
UCIj465gDg-0RCb8IJFKFGzw,Ms Recipes,UUIj465gDg-0RCb8IJFKFGzw,131000,145592941,5790
UCELbeMo1PG9sED_8TsHyccA,ルームメイトはCUTEなアメリカ人,UUELbeMo1PG9sED_8TsHyccA,133000,155408340,1290
UCfGoZ954hWsRXdfp7EHDEcA,人字拖游记,UUfGoZ954hWsRXdfp7EHDEcA,18,19546,62
UCY2XftOa1ZaqjyO4d6fu39A,海外知新,UUY2XftOa1ZaqjyO4d6fu39A,67200,91379437,573
UCRo28VUZVAnVX73LzOT7oQA,李想律师事务所中文频道 | Law Offices of Sabrina Li,UURo28VUZVAnVX73LzOT7oQA,2020,465002,385
UCZh1NCLKnt3s1bY50NRFDaw,trois kaijyuu,UUZh1NCLKnt3s1bY50NRFDaw,1140,439604,130
UCn4UOcHWNBSg0QpKJspxczw,海外ストーリー,UUn4UOcHWNBSg0QpKJspxczw,117000,413900054,260
UC8VtFV4c5uNyePxcrPoOwMQ,持之以恒,UU8VtFV4c5uNyePxcrPoOwMQ,27500,5517366,226
UCeT-yneoWfLhUFnuGk9QOaQ,MR Deal,UUeT-yneoWfLhUFnuGk9QOaQ,61400,32787112,3808
UCf5JlHWcvJOPrXTCN6lTnPw,lubecca,UUf5JlHWcvJOPrXTCN6lTnPw,4870,616397,172
UCUqLjh_T1RAd4WxgdPVVXzA,Amane Taniguchi ,UUUqLjh_T1RAd4WxgdPVVXzA,69500,28855400,52
UCPIoOJLJaKdtWI983GsapxA,美商挖挖Wow,UUPIoOJLJaKdtWI983GsapxA,65600,20673488,518
UC7KHP7TfkWj1nXVMN-PA3Lw,臻鑫说出国,UU7KHP7TfkWj1nXVMN-PA3Lw,164,144746,271
UCuVtabcdewD80hiProp7nNA,女博士GiGi,UUuVtabcdewD80hiProp7nNA,40000,10878910,153
UCcpFG4TtPtJdGNO5-otj1Fg,Gina fang,UUcpFG4TtPtJdGNO5-otj1Fg,1690,900833,264
UCdpDb8QN1iHuNRqZmS0FeRA,大阪左左,UUdpDb8QN1iHuNRqZmS0FeRA,42300,37446666,395
UC6TSU211L4-O7WNX8XaC8sw,茉莉生活指南,UU6TSU211L4-O7WNX8XaC8sw,13800,4832620,156
UC_bxdvCXb-TYPFLkzV0Oj8g,Springdale Law Group,UU_bxdvCXb-TYPFLkzV0Oj8g,3960,319273,214
UC-e2EM_d5I6RAsS-DFtNbGw,與人說,UU-e2EM_d5I6RAsS-DFtNbGw,14500,659702,85
UC4mES16vPMVAmT43lrwDTBg,"黄笑生律师 Xiaosheng Huang, Esq.",UU4mES16vPMVAmT43lrwDTBg,10100,1262261,1124
UCScB8Y8bM4gNmrMdst3Y1ng,PIE桃在法国,UUScB8Y8bM4gNmrMdst3Y1ng,2430,213497,39
UCL19-LS8v0bXQd2eOV7HMiw,lbrham,UUL19-LS8v0bXQd2eOV7HMiw,75300,63589371,499
UCShBd7dtD2H5Ue83jJTo1DA,澳洲Henry,UUShBd7dtD2H5Ue83jJTo1DA,586000,48879857,453
UCIxE_ImizRE_l-dJfhsut6A,北美生活资讯,UUIxE_ImizRE_l-dJfhsut6A,69600,27248463,1026
UCXXaflAP1XuKF8wI7ZKQMEQ,Daisy戀愛學,UUXXaflAP1XuKF8wI7ZKQMEQ,18000,12198396,105
UCAXy1ipiZ3FW2SGfrP83PxQ,瑪茲一 Matsui,UUAXy1ipiZ3FW2SGfrP83PxQ,301000,46179684,488
UC1tvtfy-9VYuRXD0Pj2czJg,Haru Chan🇯🇵,UU1tvtfy-9VYuRXD0Pj2czJg,6010,1750578,171
UCPmbIdXZzLDHNR0PejH0iEQ,Sean的世界 TV,UUPmbIdXZzLDHNR0PejH0iEQ,484000,298660422,2466
UCOE0bsVEqNZZhjPuIPHFVug,Roy和他的朋友们,UUOE0bsVEqNZZhjPuIPHFVug,8860,2026474,124
UCicx-fp3Hyety7nTMwApl5g,塞浦路斯大慢慢,UUicx-fp3Hyety7nTMwApl5g,494,122649,51
UCCdhfQI6ELN8ELlEcT4TrrA,LaLa in USA,UUCdhfQI6ELN8ELlEcT4TrrA,11000,2539969,170
UC6kd9OYrcGlzVL_1tp0OVFg,小袁的旅行日用品,UU6kd9OYrcGlzVL_1tp0OVFg,4060,2247713,1626
UCXmm8NmCMgtba3I6Vv-vkWg,在东京的四川人,UUXmm8NmCMgtba3I6Vv-vkWg,59000,49726261,1480
UChZ6KqBtsyPoN2bSmmTPEww,Jason Yi Liu,UUhZ6KqBtsyPoN2bSmmTPEww,1200,315251,1035
UCHfywFf_bQKVB7T77OAQNzQ,TC and Siwei,UUHfywFf_bQKVB7T77OAQNzQ,13000,680143,182
UCjjh58fpDdDzLZnPaFJGmQg,坂井日南多,UUjjh58fpDdDzLZnPaFJGmQg,7720,2780099,125
UC6_fvJAud3qoanMqxxJuL7A,赵青草在挪威,UU6_fvJAud3qoanMqxxJuL7A,72,19307,32
UCpGQZCfhbllRxRG3n3EehGg,大纽约地区中文教师学会,UUpGQZCfhbllRxRG3n3EehGg,415,6088,36
UC_HW6aVLpyvPIhc7w8YA8Ag,Kevin in Shanghai,UU_HW6aVLpyvPIhc7w8YA8Ag,399000,62590611,245
UCf0Ive6dEJzDqRKflPV4MNw,BLUE 哺路,UUf0Ive6dEJzDqRKflPV4MNw,5070,2464130,122
UCa5oulemRwjN3zEVHWPJuUg,克雷兒 Claire,UUa5oulemRwjN3zEVHWPJuUg,367000,54753694,891
UCfW57R6RQzSXqmvmuMk0-5w,阿木,UUfW57R6RQzSXqmvmuMk0-5w,5,649,113
UCETfu038u78m_aOzpZ8EIcQ,徒步的騎手,UUETfu038u78m_aOzpZ8EIcQ,88100,8198188,175
UCXdzmfiWOlrfkU4XFkKu-AA,醺然Yoyo,UUXdzmfiWOlrfkU4XFkKu-AA,1290,131023,56
UCJZzM8QTjY5nyNVA0YTJ2Dw,老国移民观VIC,UUJZzM8QTjY5nyNVA0YTJ2Dw,126,66106,156
UC0KFHjN2RWTN5tUutY8eF3g,MAKO老师,UU0KFHjN2RWTN5tUutY8eF3g,34800,3614226,158
UCZDeuKy2Nf9o44i7SHYSY0g,阿木,UUZDeuKy2Nf9o44i7SHYSY0g,1,140,83
UCKgBDXlIEUSNpTEJTfcuMnA,智雅欧尼,UUKgBDXlIEUSNpTEJTfcuMnA,20,47922,101
UCzPBIeFzacjTITlJKaN5dUg,Lynn在美国,UUzPBIeFzacjTITlJKaN5dUg,2060,199358,174
UCyDK4bWP33Q4Z8yT-PChx8A,猪妞在台湾,UUyDK4bWP33Q4Z8yT-PChx8A,43400,88824519,260
UCy_No4t3Y1qozkpB7W4bNoA,大德德YUDÉ,UUy_No4t3Y1qozkpB7W4bNoA,150,70168,152
UCNYF4_5SA_AtZQIzuAmZ-ow,夫人绘说画,UUNYF4_5SA_AtZQIzuAmZ-ow,2360,216188,25
UCTNtWLABlpICtqE_BSkHtHg,小艾同学🔆Abby,UUTNtWLABlpICtqE_BSkHtHg,1120,544619,149
UC7mNl-s0pkNq-5AlJYJU2sA,たびびとMe,UU7mNl-s0pkNq-5AlJYJU2sA,263,221801,165
UCfFOOGi2nZDt3LXUiPgVzeA,Kung Fu Group,UUfFOOGi2nZDt3LXUiPgVzeA,17200,1586139,422
UC0NKEAepg5lYMU29uM01TpQ,老杨杂谈,UU0NKEAepg5lYMU29uM01TpQ,62,4678,23
UC8ycJmYqFZtgT5d4E4zr63g,嘆文化 Tan Canto-Culture,UU8ycJmYqFZtgT5d4E4zr63g,325,54650,34
UC8OPzYp9d4sZBk6ElacXnKw,一刻Talks,UU8OPzYp9d4sZBk6ElacXnKw,228000,11119181,2039
UC157y5xTjVwZQixhcv2O5rg,右边聋,UU157y5xTjVwZQixhcv2O5rg,254,508822,129
UCh9ASvgmsqAK70ego48SpsQ,沉醉的小五狼,UUh9ASvgmsqAK70ego48SpsQ,204000,19374186,394
UCWnypYEnQUcuuc0NAAfKw0Q,鱼点儿,UUWnypYEnQUcuuc0NAAfKw0Q,221,100785,71
UCiLnm0ywIjBbYugmfFa_NYA,Banned History禁书之声,UUiLnm0ywIjBbYugmfFa_NYA,16100,13435189,126
UCvb_SetU_7B3nhw66coVKEg,gozaru TV【台日夫妻】,UUvb_SetU_7B3nhw66coVKEg,11600,1655201,179
UCha1uK1_aR8hfiJr3EkEChA,我是Mana,UUha1uK1_aR8hfiJr3EkEChA,510000,170146806,827
UCFrdDKy74OQrcvQ3__F-JMw,晓健觉悟空间,UUFrdDKy74OQrcvQ3__F-JMw,5,387,16
UCoKjTG0cdC1SJmE74cSohPQ,点石成金的法师,UUoKjTG0cdC1SJmE74cSohPQ,368,273355,123
UCMFu_xWgFiqDXaJkWsfCqgw,恒洋大佬-OFFICIAL,UUMFu_xWgFiqDXaJkWsfCqgw,61500,6940378,1882
UC530dt6Xh91ETi1uz5OuLgg,王王,UU530dt6Xh91ETi1uz5OuLgg,11400,41983046,1704
UCXRVQLTdWu-uk_N55z_8VKw,可可在广州,UUXRVQLTdWu-uk_N55z_8VKw,632,196611,212
UCBN-t3Rsuj_Fk0nNPFo6TmA,德远资讯,UUBN-t3Rsuj_Fk0nNPFo6TmA,18500,4871170,2029
UCYHX_C1NjhmI4hRuWnmfPgQ,曾老讲国学,UUYHX_C1NjhmI4hRuWnmfPgQ,110,57714,265
UC5Ls8qiqO4scWXSOSUlbhGw,爱吃辣椒的鱼,UU5Ls8qiqO4scWXSOSUlbhGw,1870,770958,784
UC799qmvVplAGm6MFjg7G-zQ,园梦娱乐,UU799qmvVplAGm6MFjg7G-zQ,1280,6354458,226
UCscs4dTzLs7d6hz7BE8CIYQ,墻外音,UUscs4dTzLs7d6hz7BE8CIYQ,45600,4708986,65
UCfpRvYBWj1jwjXrKhs3abPg,栗鼠 Life@台灣,UUfpRvYBWj1jwjXrKhs3abPg,118000,15305324,170
UC6RkWV0Ximp_6DH5SxDaUdw,HELLO ELIE,UU6RkWV0Ximp_6DH5SxDaUdw,100000,17855942,1118
UC7rWWzigALzjzKGg6z2rkaA,肥仔东走进越南,UU7rWWzigALzjzKGg6z2rkaA,78,35478,133
UCDMgL1RkJoTAqAWgFBmOp8A,三弟进步中,UUDMgL1RkJoTAqAWgFBmOp8A,52,53386,121
UChUXTWeczAHq_N9oEwavCkw,影娛天天樂,UUhUXTWeczAHq_N9oEwavCkw,81600,40562852,2029
UCrerK8YWX5ttvi5BMK8l68w,開根號 FTL,UUrerK8YWX5ttvi5BMK8l68w,126000,93372785,404
UC3-gauzJgcqlroT3A77wUuA,大老王智慧坊 | 一切都是拿幸 Nothing,UU3-gauzJgcqlroT3A77wUuA,10900,808706,445
UComjVFAa_NcNs66WrfBjTig,亚马侃球,UUomjVFAa_NcNs66WrfBjTig,10000,12213,180
UCEz3KTYN9kukeJ6_osOxBuA,糊涂电影,UUEz3KTYN9kukeJ6_osOxBuA,88400,144459378,1911
UC-Xflz6VOxWO3Cu_hLP8gzw,宋先森影剧,UU-Xflz6VOxWO3Cu_hLP8gzw,41700,17878666,690
UCVacrIZS-51yjzTEBotcyfQ,喜马拉雅FM,UUVacrIZS-51yjzTEBotcyfQ,274,66813,18
UCsAk1hNatRuQ8gVKcVuUkFA,白德翰,UUsAk1hNatRuQ8gVKcVuUkFA,6,13576,34
UCqgOMnrbPoltKnnumKrdPhg,法国伊飒belle ,UUqgOMnrbPoltKnnumKrdPhg,684,640719,414
UCubbTg4ypePmA0gK0tYhYoQ,欢乐传媒,UUubbTg4ypePmA0gK0tYhYoQ,342000,202915786,4614
UCMQjC3e5XnPB-42TmfwCwIg,佳一妈妈Annie,UUMQjC3e5XnPB-42TmfwCwIg,242,144459,52
UC_91EWi8puaGKgQefNjqYiQ,Leo's 在台創業故事 (applemint),UU_91EWi8puaGKgQefNjqYiQ,1490,890941,208
UChrKyqmovoIhodPj2qo0TuQ,世事风云,UUhrKyqmovoIhodPj2qo0TuQ,26,2514,40
UCB_lUsf1gYkGMX_Ylmdl_Gg,Listen to my podcast,UUB_lUsf1gYkGMX_Ylmdl_Gg,3600,279356,58
UCb8PlPsFtS-U_3k_eb-zhYw,大嘴電影官方频道,UUb8PlPsFtS-U_3k_eb-zhYw,92500,34922970,329
UCdRKafyb--geO9ySg6CbhYA,宇哥侃故事,UUdRKafyb--geO9ySg6CbhYA,1770000,836803836,2781
UCi04asGT2LmRs1X8qyQ20mA,伍分唐,UUi04asGT2LmRs1X8qyQ20mA,239,159639,51
UCGziJ6I0RWxASPtnYlarINg,青岛 小菠萝,UUGziJ6I0RWxASPtnYlarINg,178,110327,174
UCrj-AWzqFpzPMB7SjXj-U2Q,Vermouth Lu,UUrj-AWzqFpzPMB7SjXj-U2Q,8,3207,19
UCplRRbZcAQNA2HiI5MjwvNw,张踩铃,UUplRRbZcAQNA2HiI5MjwvNw,3,2356,177
UC6vUPhg9_isf8g05VKo4bNA,MialongC,UU6vUPhg9_isf8g05VKo4bNA,77,93685,152
UCsuLrYJiE2r7XfkjvYtBcTw,爱学习树三观,UUsuLrYJiE2r7XfkjvYtBcTw,51,2921,560
UChgCVolsF6L7DWmOpWKSkMA,越哥说电影,UUhgCVolsF6L7DWmOpWKSkMA,1120000,206616059,536
UCCBq7s8VOCyek275uvq5lYQ,三原JAPAN Sanyuan_JAPAN,UUCBq7s8VOCyek275uvq5lYQ,1550000,616565021,2255
UCUPyD9B6jsnJDnlcbLtr1Ig,毛毛電影,UUUPyD9B6jsnJDnlcbLtr1Ig,306000,429704530,5874
UCnJTXVl9p9Le1MwXPo7074g,银幕风云,UUnJTXVl9p9Le1MwXPo7074g,14500,52862324,2188
UCZqsvi6uhFrbsJcAmcZudcQ,莫彩曦Hailey,UUZqsvi6uhFrbsJcAmcZudcQ,1690000,320408751,310
UCCIHncIL4_8OcUjhcgxgs8g,老油条在LA,UUCIHncIL4_8OcUjhcgxgs8g,5420,3517991,904
UCbVNhxfty6oNc2DLEJsf4Xw,甜小鱼酱,UUbVNhxfty6oNc2DLEJsf4Xw,9020,29312021,1092
UCC61tHxUDZWetidyLgd8LnA,李博士聊品牌出海,UUC61tHxUDZWetidyLgd8LnA,0,66,2
UCaddWkdvI1gn6dayWwHxIFA,老温,UUaddWkdvI1gn6dayWwHxIFA,143,66991,87
UCvUSGEYrAVdw4zXRyXCMkjw,話匠頻道,UUvUSGEYrAVdw4zXRyXCMkjw,17700,21355160,708
UCKapoW6em0nllaXxNC49XHA,犯叔说影,UUKapoW6em0nllaXxNC49XHA,312000,168006022,886
UC8mzpkC9gvoLd1KufEvZnWQ,精影解说,UU8mzpkC9gvoLd1KufEvZnWQ,21600,5633056,954
UCRaJyNLjuLzDu_d72wnIWCw,罗休休,UURaJyNLjuLzDu_d72wnIWCw,311,56899,33
UCJ8HxqpMh_J4V1lJ6DcXMpA,Hola Gwen 马来妹在西班牙,UUJ8HxqpMh_J4V1lJ6DcXMpA,212,11244,27
UCbsHdXTF_3R3h6GlXh25IBA,WTO姐妹會 官方頻道,UUbsHdXTF_3R3h6GlXh25IBA,286000,223136957,4867
UCLwbvmtS4TKi30Sxfo0Hgcg,Інститут Конфуція Каразінського університету,UULwbvmtS4TKi30Sxfo0Hgcg,384,65427,289
UCHYzrdAy8Gv5YMM-8L2098w,电影迷小雅,UUHYzrdAy8Gv5YMM-8L2098w,328000,135704164,1512
UCQzPtyrs7fxiBLZzCIVPB7w,走读声,UUQzPtyrs7fxiBLZzCIVPB7w,4,4338,141
UCFtclpo5Rbc2q2OsQnYvIIQ,77看世界,UUFtclpo5Rbc2q2OsQnYvIIQ,467,416248,209
UCnoNJR1gnD2vozExsP-wkBA,礼美奈れみな,UUnoNJR1gnD2vozExsP-wkBA,7390,204879,35
UCGBJKU2mO--pl_-7xfDg6ng,先锋影视,UUGBJKU2mO--pl_-7xfDg6ng,73500,36048843,649
UCmkILDMX2OxT1_clT7k5w1Q,何文庆 Stewart Hoo,UUmkILDMX2OxT1_clT7k5w1Q,84,6318,52
UCnl-q3MKzW6zVc5wyM7aRzw,看牛牛電影,UUnl-q3MKzW6zVc5wyM7aRzw,52200,63110046,6791
UCDfZWk5Ny0C2CemcKeKHHzA,湖广行,UUDfZWk5Ny0C2CemcKeKHHzA,20,23153,152
UChqLepDX7uHBCKAikCuB1OQ,正经电影会,UUhqLepDX7uHBCKAikCuB1OQ,18400,5767887,340
UCk7QYweGN34EU1qchonlN4A,爱尔兰奇哥,UUk7QYweGN34EU1qchonlN4A,224,192684,161
UCoUvGRE1QcE7SL5B3727x6Q,一本电影,UUoUvGRE1QcE7SL5B3727x6Q,56200,12427558,189
UChAfdkSKz4peu3T_hZWTBzQ,爱尔兰叨叨,UUhAfdkSKz4peu3T_hZWTBzQ,393,6853,46
UCtvevY9-SqJdxZMY-Hp7Onw,大千视界观,UUtvevY9-SqJdxZMY-Hp7Onw,28,69389,182
UCRIa6Hv4WjYv6utMsZ1IfqA,Speak Chinese with Lilian,UURIa6Hv4WjYv6utMsZ1IfqA,96,40448,80
UCyYE7YoSaApsDCXU8CazIXw,阿凤电影解析,UUyYE7YoSaApsDCXU8CazIXw,26600,36339993,1537
UCKkdD_WZW24nRGzHAwNzNww,今夜伴读,UUKkdD_WZW24nRGzHAwNzNww,111,39808,69
UC62hFbHR9NbgW2iaBWKk-rA,兒歌點點 - 兒歌童謠-經典故事 -卡通動畫-益智玩具,UU62hFbHR9NbgW2iaBWKk-rA,83900,18296984,561
UCURxZQP6gc1lJN5cTjXB5mA,一23睡前故事,UUURxZQP6gc1lJN5cTjXB5mA,1080,171950,64
UCDLbBAQ9eTqmgZDniP_NUDg,YOYOROCK Kids,UUDLbBAQ9eTqmgZDniP_NUDg,1430,399945,158
UC1F1_t9aplVI8Q_6ioVnCIQ,光影二三事,UU1F1_t9aplVI8Q_6ioVnCIQ,375000,135136281,1036
UCrLO-yoAu4ZTzRSdmWqS53A,碰碰狐 鯊魚寶寶 (兒童兒歌・故事),UUrLO-yoAu4ZTzRSdmWqS53A,3600000,1871993662,2437
UCqqUieP_xopcMvebwT9qAHg,虎猫奇谈【官方频道】,UUqqUieP_xopcMvebwT9qAHg,45200,27080614,416
UCDUgJwFtyuNYII8Mzo5Pfog,心房电影,UUDUgJwFtyuNYII8Mzo5Pfog,6290,1861836,30
UC8z3uFxoqNMzdDt5vetTjNg,Peggy Fo Show,UU8z3uFxoqNMzdDt5vetTjNg,378000,29057153,271
UC42R0jI9cRxlxlrkNC6NNGQ,亲子阅读ReadForKid,UU42R0jI9cRxlxlrkNC6NNGQ,92800,17635066,585
UCjSFDgRCzh_1ZPhxChVgK7Q,Lazy Chinese - Comprehensible Input,UUjSFDgRCzh_1ZPhxChVgK7Q,60200,2469108,253
UCgSc_D-jESLpTJAu8_d8suQ,WE四重奏,UUgSc_D-jESLpTJAu8_d8suQ,13300,3571240,997
UCK680a1p7n-UnOl9cLBE8fg,小岛电影,UUK680a1p7n-UnOl9cLBE8fg,30900,27311234,294
UCqC7Z6VwJ9TksdOdZsdnb_g,港片有約,UUqC7Z6VwJ9TksdOdZsdnb_g,168000,290604222,1594
UC_IZCyvBnkLtYszTrz_VeYQ,最美看劇,UU_IZCyvBnkLtYszTrz_VeYQ,49500,14323642,257
UC7T8ukV6m7eCyV8yzvKPL-A,维维影视解说,UU7T8ukV6m7eCyV8yzvKPL-A,12900,4645935,766
UC1hhy4uTUFVwfdLp4BqBxOg,小辰辰影视,UU1hhy4uTUFVwfdLp4BqBxOg,3560,2875962,102
UCFtosMebvY0l-Mgj_2CBV6A,喜剧加油站,UUFtosMebvY0l-Mgj_2CBV6A,16100,40064494,457
UCgoiUg4LrO28_S0tBafdpcg,佳佳老師說故事,UUgoiUg4LrO28_S0tBafdpcg,152000,52150854,232
UCaYr0KAtT7xbrgMPChPC_eA,魔咖影视,UUaYr0KAtT7xbrgMPChPC_eA,19600,9498426,1060
UCZh0I81cEMmC6MOk4WM8foA,Chinese Fairy Tales,UUZh0I81cEMmC6MOk4WM8foA,297000,128311690,553
UCfsNycNoClXZA1FuUJSGT0w,Dashu Mandarin 大叔中文,UUfsNycNoClXZA1FuUJSGT0w,34900,2052651,725
UCc-YIMz_tv1K_FKE4noY_Cw,Xiaogua Chinese,UUc-YIMz_tv1K_FKE4noY_Cw,25100,2060239,1513
UCipQJmg3yqouy6MRtPv_0Bg,Little Fox Chinese - Stories & Songs for Learners,UUipQJmg3yqouy6MRtPv_0Bg,789000,310655913,2146
UCHZpZBuya6qYZ3yojQievwA,米米故事屋,UUHZpZBuya6qYZ3yojQievwA,15900,3118431,87
UCq3u-YLaoRXdbFqwUWn-eWQ,阿悬说电影,UUq3u-YLaoRXdbFqwUWn-eWQ,6210,2167086,29
UCI8Liuxdz6UPv5rgMskfwPg,Learn Chinese Through Podcast,UUI8Liuxdz6UPv5rgMskfwPg,73000,2542370,223
UCtiDMz3D1r6whMgAWoUrZoA,豆豆視頻影視,UUtiDMz3D1r6whMgAWoUrZoA,11500,11049568,11559
UClmBay0vqGqCRBr2XW2kM0A,An Khả Hy,UUlmBay0vqGqCRBr2XW2kM0A,200000,13179762,822
UCkUdGlWv4bLgaILoq0pQ_-g,小赫說電影,UUkUdGlWv4bLgaILoq0pQ_-g,18600,15107742,6831
UCh4QrR5V6reIojGpRqkTbYw,一口新飯,UUh4QrR5V6reIojGpRqkTbYw,466000,21612212,144
UCyYT-HdG1FXua6_vwyXNqhg,Chinese Daily Podcast,UUyYT-HdG1FXua6_vwyXNqhg,147000,4176129,84
UCxOhdldi9RED-8zi6EWxp_w,Chloe Chinese Class,UUxOhdldi9RED-8zi6EWxp_w,19700,935565,792
UCWdigI7S6VaNPs6ooIBbiwg,睡前科学故事,UUWdigI7S6VaNPs6ooIBbiwg,28300,2318760,54
UCFLw26wBlCCx-r9HvOWx2KQ,Một bông hoa,UUFLw26wBlCCx-r9HvOWx2KQ,25700,1357950,176
UC-Sp4UHWZmCmxJQO9U0CILQ,王大魚,UU-Sp4UHWZmCmxJQO9U0CILQ,47800,56867880,7967
UCU2IS5y-yXWK2-rEiK0R0-A,王先森觀影,UUU2IS5y-yXWK2-rEiK0R0-A,17000,8887474,6660
UCU4cKEdjmchL_eN-X7VQ_mA,睡前故事郎,UUU4cKEdjmchL_eN-X7VQ_mA,42900,4163193,82
UCy_zeM9CScXfUs1uMGmoqCg,天下文化,UUy_zeM9CScXfUs1uMGmoqCg,333000,42349762,2666
UC_QOI65lGkLxRqyo17SfEaA,Mandarin Village 中文村,UU_QOI65lGkLxRqyo17SfEaA,13800,717694,83
UC_CIdvLLbvooEvEWo93cheQ,科幻桃小柏【官方频道】,UU_CIdvLLbvooEvEWo93cheQ,254000,158910630,1070
UCiWRSesvSYmY7YOyz0tv_zQ,YOYOTV,UUiWRSesvSYmY7YOyz0tv_zQ,1730000,1976602598,17387
UCtel6sZ1O6Nz5TQSY4L2qRg,高空讲故事,UUtel6sZ1O6Nz5TQSY4L2qRg,14600,3081863,24
UCGxnSTPmBYqcYY7UrKizrig,電影長者,UUGxnSTPmBYqcYY7UrKizrig,12600,6225519,568
UCTZkMboPhZhBpXyyvG1NmDw,阿月看电影,UUTZkMboPhZhBpXyyvG1NmDw,4170,1754559,33
UCk92SZjdTkLo6uNj-MRJxWA,Sherry's Notes 雪力的心理學筆記,UUk92SZjdTkLo6uNj-MRJxWA,510000,31309637,302
UC07u0Y6b-vy9C2pqCttuyoA,虎哥侃片,UU07u0Y6b-vy9C2pqCttuyoA,102000,72741953,954
UCv6E-enrprExFqHJa8yLyJg,中文热点切片总汇,UUv6E-enrprExFqHJa8yLyJg,6290,1852992,688
UCuD4O_iV8JVC5pnCNu9rrkg,搜罗电影,UUuD4O_iV8JVC5pnCNu9rrkg,224,73072,17
UClaztfReW23d-jf2RRhXu1g,只能喝酒的圖書館,UUlaztfReW23d-jf2RRhXu1g,283000,31404288,532
UCv5kZHC_evmXRf0xXIoeygg,Haoxin Chinese With Labake,UUv5kZHC_evmXRf0xXIoeygg,2040,92379,115
UCEU7IdrJx3rvb8JT33dvZJg,中共不等于中国人,UUEU7IdrJx3rvb8JT33dvZJg,48800,21077791,149
UCkHNjVNTPVwAR8KjZXAMmIQ,纪录片研习社,UUkHNjVNTPVwAR8KjZXAMmIQ,109000,23695661,2474
UCT7d_gIe8pq-ijK_FwvKPDg,TIẾNG TRUNG I ZÌ,UUT7d_gIe8pq-ijK_FwvKPDg,7290,303204,180
UC2XBFDlONPkfcrVmKjPkJRA,SBS中文,UU2XBFDlONPkfcrVmKjPkJRA,53500,19005119,15217
UC0GkmaFc3J3cs_IiUpeLx8g,Mandarin Melon,UU0GkmaFc3J3cs_IiUpeLx8g,12500,249109,42
UCaIIFXfdQUYf3OHPIFNDdrQ,Alan Chen,UUaIIFXfdQUYf3OHPIFNDdrQ,209000,24726933,574
UCpt-QaIqyu2dE6qKGcv-Cnw,Bitesize Chinese 一口中文,UUpt-QaIqyu2dE6qKGcv-Cnw,491,24948,59
UCBKDRq35-L8xev4O7ZqBeLg,王志安 ,UUBKDRq35-L8xev4O7ZqBeLg,1950000,1018576645,2666
UCuqZEtd4z8rWEeDUaqWsHjg,纪实Talk,UUuqZEtd4z8rWEeDUaqWsHjg,459000,24366401,3363
UCszxbJztLxUu2NgJoZV16Hg,俞乐声香,UUszxbJztLxUu2NgJoZV16Hg,14800,2308268,961
UCYjV8zmG5-Zv9FGuoYks56w,【周游天下】之自建香格里拉,UUYjV8zmG5-Zv9FGuoYks56w,8820,919298,665
UC9P_8bG2NWRBuYHDy6sWU0g,Chinese at Dawn,UU9P_8bG2NWRBuYHDy6sWU0g,24900,490317,66
UCP2FBy3oSlNmuXSHgPfowBw,Scrubs and Soy Sauce,UUP2FBy3oSlNmuXSHgPfowBw,28700,4373912,142
UCJOKC7XeVPK0KqnnbtEEABw,HavenTube,UUJOKC7XeVPK0KqnnbtEEABw,9120,1290241,92
UCfcv1yf1JWU_Dftvsql31yg,曾博恩,UUfcv1yf1JWU_Dftvsql31yg,523000,65372795,207
UC2cRwTuSWxxEtrRnT4lrlQA,Mediastorm影视飓风,UU2cRwTuSWxxEtrRnT4lrlQA,821000,77151492,763
UCZs2_qqVNU5K32XxhHFY_MQ,Chinese Podcast With Shenglan,UUZs2_qqVNU5K32XxhHFY_MQ,13800,406283,180
UCqNWMqcdGkPpRcGuwytfCTg,综艺连连看,UUqNWMqcdGkPpRcGuwytfCTg,156000,40076494,2413
UCb7yE9dFusEXLry-audCVWA,王左岸,UUb7yE9dFusEXLry-audCVWA,1340,3153853,12
UCtyLiCqpNiQMpTGTiyQbmgQ,Learn Chinese with Coco,UUtyLiCqpNiQMpTGTiyQbmgQ,5770,69654,25
UCcHu3AGkj_IRmgQKaf2QH6g,藍諾Eleanor Jiang,UUcHu3AGkj_IRmgQKaf2QH6g,184000,12822167,554
UCODhgWUwDVfCWpmDaVHXQlA,凡人有约,UUODhgWUwDVfCWpmDaVHXQlA,1310,94758,44
UCx6R0JeHRx61dAc6CCSoibA,有趣的V,UUx6R0JeHRx61dAc6CCSoibA,91500,358630837,825
UClrB06PsOMunWlRUe7k9m9w,YOUKU DOCUMENTARY-Get APP now,UUlrB06PsOMunWlRUe7k9m9w,297000,66903757,8336
UC05wXE-OxZNerG0EKg37umQ,brisby,UU05wXE-OxZNerG0EKg37umQ,180,72943,18
UCb3TZ4SD_Ys3j4z0-8o6auA,BBC News 中文,UUb3TZ4SD_Ys3j4z0-8o6auA,2470000,765227124,7368
UC9zs6wZpy_V3XfynMh8pQmw,纪实说,UU9zs6wZpy_V3XfynMh8pQmw,377000,102098106,5472
UCGWPmyU1DpZfxNQRonvSFJw,凉子访谈录,UUGWPmyU1DpZfxNQRonvSFJw,166000,24370103,795
UCwfuyzupDF2k4H4OZx8v4sw,洛奇Rocky,UUwfuyzupDF2k4H4OZx8v4sw,480000,73098566,509
UC7eBKmeAz99qswOcm3VxOow,十三邀,UU7eBKmeAz99qswOcm3VxOow,138000,9689829,1050
UCjuNibFJ21MiSNpu8LZyV4w,柴静 Chai Jing,UUjuNibFJ21MiSNpu8LZyV4w,1120000,71406012,61
UCIMtgz0_q-FRSdKtQAcySZA,Yang Lan 杨澜,UUIMtgz0_q-FRSdKtQAcySZA,14900,2551207,1555
UC0NQ7fI3tEmVWlbJKNsim_A,多余的朵儿,UU0NQ7fI3tEmVWlbJKNsim_A,30,1852,3
UClECogrvbFxgteBNgea0aEw,ForbiddenChina,UUlECogrvbFxgteBNgea0aEw,25200,36317334,76
UC1Xm-VhWUqZcPCCN5R2MniA,名言語錄QUOTES,UU1Xm-VhWUqZcPCCN5R2MniA,242000,21506306,407
UCMqenhPGSw0ySojC1lYFygg,Into Chinese,UUMqenhPGSw0ySojC1lYFygg,6650,367818,129
UC9wySV5jLmJQxBMA4sURcqA,CESPN media,UU9wySV5jLmJQxBMA4sURcqA,108,3309,33
UCD2KoUc0f4Bv2Bz0mbOah8g,百靈果News,UUD2KoUc0f4Bv2Bz0mbOah8g,997000,468141278,2389
UCrgyYnIuptbMnX0wYdjqvDw,纪实风云,UUrgyYnIuptbMnX0wYdjqvDw,144000,27878261,2546
UCdzZYASkPWLpfDgKwPP1Hzw,故事会 Story Hour,UUdzZYASkPWLpfDgKwPP1Hzw,70100,30238331,1039
UCINZzNGjI3ihXPsDM9TjAbg,是个人物,UUINZzNGjI3ihXPsDM9TjAbg,2390,222350,18
UCGWYKICLOE8Wxy7q3eYXmPA,最佳拍档,UUGWYKICLOE8Wxy7q3eYXmPA,191000,15450514,1650
UCKdsI9U7vymSJBHVeAcNOYQ,名人留聲機,UUKdsI9U7vymSJBHVeAcNOYQ,11500,16686597,910
UC3F4faaDkeGqun0LoM_k5JQ,综艺放映厅,UU3F4faaDkeGqun0LoM_k5JQ,443000,167737529,2073
UCycpJNE1Ie9oErsLblcwBfA,雨田侃设计,UUycpJNE1Ie9oErsLblcwBfA,2580,304638,745
UCn3w1o7mwqDajxnoPuObfFg,老张茶馆,UUn3w1o7mwqDajxnoPuObfFg,1800,174590,29
UCPztIbHwftzDhezAmWsRJfw,脱口秀播客,UUPztIbHwftzDhezAmWsRJfw,70000,2953611,188
UCSeLePtOn5gRVpkE0yxOHsg,Fufu Chinese ,UUSeLePtOn5gRVpkE0yxOHsg,9540,215428,45
UCSoH-pm1Rto-1-ls5iKsQFg,Talk Taiwanese Mandarin With Abby,UUSoH-pm1Rto-1-ls5iKsQFg,19400,626325,146
UCSPLdNM5qkxKI9YtZ_7tD3g,诞视,UUSPLdNM5qkxKI9YtZ_7tD3g,2460,121867,129
UCmYIZihx92lCZ-mDaLDBizQ,DocuLife-SMG真实传媒,UUmYIZihx92lCZ-mDaLDBizQ,78200,8330840,6265
UC4E7AK34EuBxUHR8FFE3FlA,菊子说房产,UU4E7AK34EuBxUHR8FFE3FlA,46600,6854501,1084
UCBiwGaTo6GTlXUDvTouL8DQ,Car1卡尔,UUBiwGaTo6GTlXUDvTouL8DQ,4010,105063,45
UCk6b16lPG01kIH2jn410e6Q,下班真心話,UUk6b16lPG01kIH2jn410e6Q,6650,442227,40
UCZK6cMBuXxX46QMV91i7r7g,Money&Love 投资频道,UUZK6cMBuXxX46QMV91i7r7g,15900,728624,103
UCWzi9KVfXh19t3IZUKGRo_w,世新全媒體中心,UUWzi9KVfXh19t3IZUKGRo_w,225,55417,110
UCDYpH5jc22M6969CsUt1jPQ,优声美书,UUDYpH5jc22M6969CsUt1jPQ,31500,8286895,3141
UCQJUrIqTE6FgzQAglGmXKXg,老虎庙 · 虎侃,UUQJUrIqTE6FgzQAglGmXKXg,20000,2465882,2397
UC4CdU58azjI99ilBALppLIg,HPL人格潛能發展實驗室,UU4CdU58azjI99ilBALppLIg,106,3582,6
UCU3spBqBwRsopJ658aLk3Cg,東京101,UUU3spBqBwRsopJ658aLk3Cg,2150,173039,157
UCH0Mck9Vt-Cv7iESfzzqviQ,alex lee,UUH0Mck9Vt-Cv7iESfzzqviQ,282,466514,614
UCW1PBg7sKyLWwKoGuo7gZrA,Neemay在加拿大,UUW1PBg7sKyLWwKoGuo7gZrA,6410,401452,260
UCXjVWW-RqduJEoZXpzNjd2w,了不起的亚当,UUXjVWW-RqduJEoZXpzNjd2w,6430,246736,40
UCcLK3j-XWdGBnt5bR9NJHaQ,CCTV中国中央电视台,UUcLK3j-XWdGBnt5bR9NJHaQ,4620000,980823042,40874
UCKsBpfKt-ms0gwHMDWfpsyg,马桶哥,UUKsBpfKt-ms0gwHMDWfpsyg,4,342,153
UC-5qzjcGGz3cbufr2o1Vb6A,Somewhere Out There,UU-5qzjcGGz3cbufr2o1Vb6A,5760,5341431,226
UCdxaZ-yZalLHYEIfzVJPIxA,奋韩网ICNKR,UUdxaZ-yZalLHYEIfzVJPIxA,161,27231,79
UCJ1oX3Bo1FyNPGqRorRd9aQ,TODAY 財知道,UUJ1oX3Bo1FyNPGqRorRd9aQ,251000,39151155,2672
UCN4UgX-iqATcYMsjM4XXTmQ,与众不同的心理学,UUN4UgX-iqATcYMsjM4XXTmQ,8290,957247,3048
UCDPXgmAIiReB1MJ71A-qilQ,北美升哥 | 求职辅导,UUDPXgmAIiReB1MJ71A-qilQ,692,114888,125
UC1Lg67J_MteqkcrgAYtl3CQ,工程師Tim,UU1Lg67J_MteqkcrgAYtl3CQ,5100,259076,272
UCGJYswYITlIY6kMsU6WXlJw,大汪观世界,UUGJYswYITlIY6kMsU6WXlJw,46500,6525641,256
UCFhktojBok7f7CD4ykaRKTA,Your Studio有耳工作室,UUFhktojBok7f7CD4ykaRKTA,353000,193329662,719
UCn9_KbNANeyYREePe8YA2DA,财经冷眼,UUn9_KbNANeyYREePe8YA2DA,599000,570531192,3647
UC7GawUG3AC47M5gJZsvyflg,凱心琳 Untyped,UU7GawUG3AC47M5gJZsvyflg,40300,1931742,121
UCLxhFbiS9JJvNVFxOT_Hwtw,上海刀哥,UULxhFbiS9JJvNVFxOT_Hwtw,42400,7350452,400
UCLSPnZgB0lg2EuWawghf7zQ,張張在東京,UULSPnZgB0lg2EuWawghf7zQ,2030,235802,350
UCkK9-FQj0pxFI2nkN88gbOQ,陈鲁豫 LuYu Chen 官方频道 LuYu Chen Official Channel,UUkK9-FQj0pxFI2nkN88gbOQ,210000,123783986,3444
UChQ4sf8t1xu3NhA_g4WnUvg,科大新创,UUhQ4sf8t1xu3NhA_g4WnUvg,126,12003,11
UCwDZlUQvik6mSR1f62a0Q9w,蛋小黄,UUwDZlUQvik6mSR1f62a0Q9w,64100,42870984,3003
UClq1oF_XReK0VrtzDr-2udA,小Lin说求职,UUlq1oF_XReK0VrtzDr-2udA,106000,1729046,25
UCOubzp-IJ4nVbEst_p197qw,华人牧者团契,UUOubzp-IJ4nVbEst_p197qw,3100,442790,1200
UCGlEi8jteQocoEfosBXRqdQ,《CCNEWS看点》频道,UUGlEi8jteQocoEfosBXRqdQ,4410,973700,342
UC4joCmkKflJGeutxVMaGdVw,新中国频道,UU4joCmkKflJGeutxVMaGdVw,93800,54683018,905
UCXCpx0JJ5R4ad8xrKEbqpgg,Yuhang,UUXCpx0JJ5R4ad8xrKEbqpgg,254,790527,4
UCgJYsfvQRNjmVPGTTqZmHzQ,Cake ! 蛋糕找工作,UUgJYsfvQRNjmVPGTTqZmHzQ,4970,2369327,180
UC2FY2Ei2sBQMWT-cqdaDJAw,司晶LifeGuide,UU2FY2Ei2sBQMWT-cqdaDJAw,2900,23110,95
UCJkUERtBVSaA91Yc9oajl0w,好天映像,UUJkUERtBVSaA91Yc9oajl0w,288,48721,95
UCqczho5JMCzcimt3Wg6RzWg,瑞米有隻小綿羊,UUqczho5JMCzcimt3Wg6RzWg,4950,448748,108
UCBMm9hFDFRzJ67wfpSYDYmg,R&D Communication,UUBMm9hFDFRzJ67wfpSYDYmg,98,25481,53
UCE4djCgbCFDOXq4XSTTMnfg,樂為國際股份有限公司,UUE4djCgbCFDOXq4XSTTMnfg,124,5722,19
UCWNdnEl_5b7KKXjiMhHjs5g,Allen在新西兰,UUWNdnEl_5b7KKXjiMhHjs5g,2420,241701,117
UCv-RMmlBRP_y9l1akURwwkg,希尔伯特世界,UUv-RMmlBRP_y9l1akURwwkg,1610,4364668,351
UC_LzhsYMOW7dL70yQdOAmIw,OS NEWS,UU_LzhsYMOW7dL70yQdOAmIw,1680,176810,346
UCfp4UOZge4xHq6LRrCBlUcQ,亞太水彩論壇ASIA-PACIFIC,UUfp4UOZge4xHq6LRrCBlUcQ,1190,67860,52
UCNofSeASmAeeaWO4A-STpFA,Eydis Meditation (亞蒂絲冥想),UUNofSeASmAeeaWO4A-STpFA,220000,53120986,729
UCT7GtWPX0p-XITJ2ZsEYc9A,小雞上工-有空就上小雞賺外快,UUT7GtWPX0p-XITJ2ZsEYc9A,1320,3857213,283
UCY_3GT_YAhas2ZEFmhn8faQ,北美程序猿的生活,UUY_3GT_YAhas2ZEFmhn8faQ,16800,4616019,763
UCtVSBtH_XJw5419JqbRBc0Q,SG Media加拿大雪雁传媒                   Snow Goose Media,UUtVSBtH_XJw5419JqbRBc0Q,11600,2485924,2363
UCMQ9X_iryf4PU0EuwaLHSPg,土伯ㄟ日常 Yumi,UUMQ9X_iryf4PU0EuwaLHSPg,15400,1325431,72
UCkoVLutEycqJc8LDjmQHdUw,CherryMarine,UUkoVLutEycqJc8LDjmQHdUw,3740,218826,90
UCiI-wDue1C8o-8krTvEb75Q,yes123求職網,UUiI-wDue1C8o-8krTvEb75Q,3770,36243675,620
UCAcXOFc59L8N3b6hS7Td8Dg,IamRuru,UUAcXOFc59L8N3b6hS7Td8Dg,19,2572,14
UCcgNcPvFEUdu55yrN378P_g,Notfatty Elaine,UUcgNcPvFEUdu55yrN378P_g,8030,816434,318
UCDlw4SosjB-LzChGtYNOduQ,职业规划师彦菲,UUDlw4SosjB-LzChGtYNOduQ,6460,217817,65
UC5nwNW4KdC0SzrhF9BXEYOQ,TVBS NEWS,UU5nwNW4KdC0SzrhF9BXEYOQ,3240000,8519584008,574080
UCSIwz40YI5Pwq7aPUgbAD9w,新加坡_艺婷 SG_Yiting,UUSIwz40YI5Pwq7aPUgbAD9w,109,7010,31
UC0_OP1SAx_PqzHG1v5CznFA,Lin Z.H,UU0_OP1SAx_PqzHG1v5CznFA,2000,112893,133
UCBnY9PGoBKSOAXq5sNktMkg,Jessica Huang,UUBnY9PGoBKSOAXq5sNktMkg,6030,233625,85
UC2TuODJhC03pLgd6MpWP0iw,三立LIVE新聞,UU2TuODJhC03pLgd6MpWP0iw,2120000,5290043251,279816
UCx0WcZybBZtLzrkwmoZ6Rbw,DazzleLime,UUx0WcZybBZtLzrkwmoZ6Rbw,2210,143185,18
UCKNjHc-zIdRa3uY1SmMWfBg,Christinaaa呀,UUKNjHc-zIdRa3uY1SmMWfBg,35400,2627877,190
UCb9LSg85fZUQyF_TH5qAXng,杨斌老师-职场一线,UUb9LSg85fZUQyF_TH5qAXng,8590,564372,335
UC0vwHxerfU5ZHe5Fa2Ub-6w,Daniel WANG,UU0vwHxerfU5ZHe5Fa2Ub-6w,496,28091,22
UCbSdVNZnRl9zd1h10IBSoXw,实习快聘,UUbSdVNZnRl9zd1h10IBSoXw,38,47332,118
UCL0_NxCvkcXwZHpvqgMZY-A,TVBS選新聞,UUL0_NxCvkcXwZHpvqgMZY-A,1020000,1687182884,327929
UCrKfUIDkciOMUTrrtoSVD7g,HR Jasmin,UUrKfUIDkciOMUTrrtoSVD7g,24600,4325225,1732
UCCU-ubKBqoXzRgm4RJMQFZQ,志光公職王,UUCU-ubKBqoXzRgm4RJMQFZQ,21800,3282728,1296
UC509MeWZhuAuqXaJPraaZtw,全民話燒,UU509MeWZhuAuqXaJPraaZtw,299000,264967264,28927
UCiWXd0nmBjlKROwzMyPV-Nw,志祺七七,UUiWXd0nmBjlKROwzMyPV-Nw,1640000,1618577371,7420
UCl5uX-TEaNawfiVL8D6XL8Q,usa laotu,UUl5uX-TEaNawfiVL8D6XL8Q,1710,218868,307
UCXFZMl8aYFmno6rMAJ30_NA,Sofia在美国,UUXFZMl8aYFmno6rMAJ30_NA,1760,89812,62
UCmoOnxeTHUcUBWFNSUR8HvQ,3cTim哥生活日常,UUmoOnxeTHUcUBWFNSUR8HvQ,1000000,305988506,4187
UCrbQxu0YkoVWu2dw5b1MzNg,zaobaosg,UUrbQxu0YkoVWu2dw5b1MzNg,288000,91134389,7247
UCBK7YvDR8PqDXoTGH5N8paA,Olivia Hsü,UUBK7YvDR8PqDXoTGH5N8paA,27700,1236442,35
UCvR_60U6L3GWXxa1RJTznag,經理人,UUvR_60U6L3GWXxa1RJTznag,55500,3369970,1188
UCIA43HhboQpWKhCfYIJJgTg,Jade Shi- Coach Jade,UUIA43HhboQpWKhCfYIJJgTg,806,40483,339
UClpD6n2IZ0oHjWJZScEl4Zw,HoiTalent荷兰求职辅导,UUlpD6n2IZ0oHjWJZScEl4Zw,623,38590,77
UCGWAaM0Xihgk2xOThhY2M7g,安行遠與安太太 Garrett and Wei-Ling,UUGWAaM0Xihgk2xOThhY2M7g,33300,5936469,204
UCanQu2BJniNfGViaF23dJgw,匠人学院,UUanQu2BJniNfGViaF23dJgw,5450,345536,1325
UClhecf7eOGHwbKW5e7l_pTA,緯育TibaMe,UUlhecf7eOGHwbKW5e7l_pTA,12200,1586745,526
UC3cRiUax8hHAz7ypwdH9LFw,築夢家 - Dreams Bloomer,UU3cRiUax8hHAz7ypwdH9LFw,13100,796733,572
UCCCp37EQVUJkbgMWjOBuF2w,金老師,UUCCp37EQVUJkbgMWjOBuF2w,30900,10336262,1282
UCbddjN9yilVBgafdgCB4ndQ,BetweenGos 找到你的職場優勢,UUbddjN9yilVBgafdgCB4ndQ,18300,886235,310
UCHpZvxvSZblHs24fp3VzzPg,铁饭网 Ricebowl,UUHpZvxvSZblHs24fp3VzzPg,13100,5448340,2516
UCO1VZU3L3uKu2F1_Xu0t5yQ,德国小聪聪,UUO1VZU3L3uKu2F1_Xu0t5yQ,314,35714,163
UC3EXlNYqWlli5IjgWHMbQRA,高雄都會台 - 中嘉寬頻,UU3EXlNYqWlli5IjgWHMbQRA,58000,52746907,35986
UC_v4ANuBXgK2cjWVdW_rJaw,Yige Yang,UU_v4ANuBXgK2cjWVdW_rJaw,128,24281,18
UC2o9-1vyTnyjrA6Z-9dWPiA,宇宙心樂園,UU2o9-1vyTnyjrA6Z-9dWPiA,31200,379007,69
UCG7F4aYoLjPW2lnQztyqEVg,老陈聊移民,UUG7F4aYoLjPW2lnQztyqEVg,11400,921843,288
UC889HOCUWyhWH9MRvg2sfSw,叮叮当当小百科,UU889HOCUWyhWH9MRvg2sfSw,12,2056,15
UCBkLBa86e5kscEGkZDyNxQQ,喵星律師-施宇宸,UUBkLBa86e5kscEGkZDyNxQQ,146000,20802538,836
UCmMp_pKdhHglu5Pa89mxEbA,YY's Journey,UUmMp_pKdhHglu5Pa89mxEbA,647,32720,27
UC50mP_GEavoYzdUr6gZWXhQ,Eric Duan,UU50mP_GEavoYzdUr6gZWXhQ,183000,30671456,115
UCykcNNIwJeJGGuLac6akyPw,三坨土,UUykcNNIwJeJGGuLac6akyPw,122000,13614718,169
UCBpI-AgUsF_8nzNotbm3rLw,汤泉兄弟,UUBpI-AgUsF_8nzNotbm3rLw,27000,41468381,302
UCOElQ3718IiLih-FnYwJyrQ,就業特派員👾白艾霏,UUOElQ3718IiLih-FnYwJyrQ,3,753,6
UCxzPFSh9SiT1SvJkS_HkklA,亿万富豪养成计划,UUxzPFSh9SiT1SvJkS_HkklA,47600,1238690,55
UCJ6WZZ3CCoL_KYX79Duc1nw,MrOrange,UUJ6WZZ3CCoL_KYX79Duc1nw,52,26184,50
UCsfdRsykAC8FuoSNCENEc4g,Career Journey Pro 一往职前,UUsfdRsykAC8FuoSNCENEc4g,3590,153778,148
UCihWZFW2U5RmnrpKEwkXPfw,Listen to me,UUihWZFW2U5RmnrpKEwkXPfw,114000,86285894,294
UCZrNBeAIf3MsSe-aR8AvlKg,秋叶课堂,UUZrNBeAIf3MsSe-aR8AvlKg,197000,96580846,8198
UCv7xKV3li6PUOIG5X6fQT3w,宇宙姐姐 Christine Cheng,UUv7xKV3li6PUOIG5X6fQT3w,92800,12649772,1173
UC1kdE8dOMrEu7sYftEOYHqg,Paddy Jobsman,UU1kdE8dOMrEu7sYftEOYHqg,17800,2318049,700
UCJnvK2B5QvnT70ZK_an3eMg,澳洲中文电视台 AUCNTV,UUJnvK2B5QvnT70ZK_an3eMg,10900,1649815,734
UC2TAtbY9QSs2HzkxVdMK-2Q,TechWithSaumya,UU2TAtbY9QSs2HzkxVdMK-2Q,41900,2834495,1069
UCJpXaqXSXgcXECzku5hOztA,獅城起床號 x So Singapore,UUJpXaqXSXgcXECzku5hOztA,2610,396466,17
UC1n-YMrab5bJS6bK_6bMQiw,Crystal_BLR,UU1n-YMrab5bJS6bK_6bMQiw,6470,232561,21
UCG_BZRcsNRXsRDj2N6YiQNA,葵葵Phoebe和泡泡🐰,UUG_BZRcsNRXsRDj2N6YiQNA,5490,899342,198
UCLX2UiRxbnFRBbep2-iYtOg,指尖不思議,UULX2UiRxbnFRBbep2-iYtOg,83,40992,92
UCBT_8L8triM4d4mxHNhDnxg,Kesri Talks,UUBT_8L8triM4d4mxHNhDnxg,2620,679935,213
UC512aL5wp8icOicjwwWtOyg,OnlineStudy4u,UU512aL5wp8icOicjwwWtOyg,748000,93058660,3238
UCnCvzPN_P31hpkbK7c4JlpA,Damon的职言职语,UUnCvzPN_P31hpkbK7c4JlpA,17,285,5
UCUGecoQp_hsWBvmUI1B8DQA,Cleo Chats,UUUGecoQp_hsWBvmUI1B8DQA,17000,2455907,240
UClSEggGD_tUEhly-o13e8Gg,程序汪,UUlSEggGD_tUEhly-o13e8Gg,596,25812,53
UC2TVCkukXc9Z6OSfZMfQ-lg,Arthi Baskar,UU2TVCkukXc9Z6OSfZMfQ-lg,32500,5366971,189
UCDLvbp2zoQbHSASRLLJ8dTw,学尚教育LearningUp,UUDLvbp2zoQbHSASRLLJ8dTw,1600,69959,97
UCakjqf_NhpfDfIjAmiuPj_Q,Stephanie Wang,UUakjqf_NhpfDfIjAmiuPj_Q,734,62729,91
UCxpFnzdNHkjsPvOdBrmLQXQ,潔衣家,UUxpFnzdNHkjsPvOdBrmLQXQ,2310,1971168,71
UCk2zauON7duHEkkL7qXYHGA,山楂Evergreen,UUk2zauON7duHEkkL7qXYHGA,3410,145616,99
UCg5zAAP06T-PZyg1ydVmFeg,SMART Mandarin - Katrina Lee,UUg5zAAP06T-PZyg1ydVmFeg,142000,8996303,861
UCWihNcAEGCTUsw06u-HFEHA,1111人力銀行,UUWihNcAEGCTUsw06u-HFEHA,23600,23204694,3969
UCgfSuCBp3FBaTJGB2C8gKNQ,泡芙方 Prof. Fang,UUgfSuCBp3FBaTJGB2C8gKNQ,78400,2630003,171
UCmVlQtN7WA_m94iT0aM4TDw,美国入籍指导 | 大卫团队 (David Group),UUmVlQtN7WA_m94iT0aM4TDw,7590,1368071,157
UCqfOoPkcFob3OKGIYXKvGMQ,麋妮Mini,UUqfOoPkcFob3OKGIYXKvGMQ,646,82313,91
UCrtPXCqjm9c7nqgJL-vBSZg,CareerVidz,UUrtPXCqjm9c7nqgJL-vBSZg,5220000,413924914,2838
UCUT4iE_PHnVOMdE5xhUYVww,Charlotte Huang,UUUT4iE_PHnVOMdE5xhUYVww,81,7099,52
UCf8xfYmBCGh-0WwUJCFjsXg,一个小海螺lorrr,UUf8xfYmBCGh-0WwUJCFjsXg,1140,138740,146
UCwsrASoAIwV0-KQKNko0VEA,檀东东·Tango,UUwsrASoAIwV0-KQKNko0VEA,232000,6839048,121
UCCyKm4Dm0awz6yfq33ZgWUg,Remote Philippines,UUCyKm4Dm0awz6yfq33ZgWUg,4080,724256,124
UCIUR_yUAIEX59oJI-TAQ-7A,The English Way,UUIUR_yUAIEX59oJI-TAQ-7A,538,508510,184
UCy5MqdulNNH5thnjKHhNt1Q,Next Level English,UUy5MqdulNNH5thnjKHhNt1Q,422,106777,1014
UCyBbA05rNQU0Agbv_1Yqx0w,走歪的工程師James,UUyBbA05rNQU0Agbv_1Yqx0w,76700,3601306,194
UCNncHM8i_vX4EosfU388ZOA,LEARNING ENGLISH,UUNncHM8i_vX4EosfU388ZOA,103000,18636971,1410
UC6eRq7kHC-DxnOsIiKFTBrA,晚红小拓,UU6eRq7kHC-DxnOsIiKFTBrA,1090,26584,371
UCdtwbv6ixR3PKzGK96FLUPg,Jacky Hooi,UUdtwbv6ixR3PKzGK96FLUPg,30400,4499380,1648
UC0Wrl4cHyZ-Bu3L0iJBw5XQ,He is Brian,UU0Wrl4cHyZ-Bu3L0iJBw5XQ,1010,172633,266
UCkcqmxjMXaBb0kDWqqSEU1g,Sahil & Sarra,UUkcqmxjMXaBb0kDWqqSEU1g,879000,95849161,236
UC_zFlKefuMp1tirWAfEKUmw,Vanisha Naraini,UU_zFlKefuMp1tirWAfEKUmw,161,110959,139
UCK0sQYI1j6SnPQhpwfUl4Fg,工科妈妈 Mama Good Idea,UUK0sQYI1j6SnPQhpwfUl4Fg,2480,161859,52
UCXjifCeX_9hjBzfPBmwBaPQ,教师资格证,UUXjifCeX_9hjBzfPBmwBaPQ,514,35173,42
UC3o1jHQ3LuUG5t_UPR10xpQ,方圆儿不圆,UU3o1jHQ3LuUG5t_UPR10xpQ,116,16988,101
UCUmO-V9bW7MGJhlnDWsYvkg,104人力銀行,UUUmO-V9bW7MGJhlnDWsYvkg,47000,30274590,1691
UC5p8WSPGtnSWpeQzXv9F7XQ,每日中文课Free To Learn Chinese,UU5p8WSPGtnSWpeQzXv9F7XQ,294000,18007730,879
UCNuDw89p5n9oIgFZ-ekZoRg,饭哥爆笑社,UUNuDw89p5n9oIgFZ-ekZoRg,19100,16860941,1693
UCwMsM_kmadjtyOx__eEUQ9Q,Eloquent Joe,UUwMsM_kmadjtyOx__eEUQ9Q,60,2332,20
UCP1UlYJH_QL4m5HVyikcxfQ,Andrew LaCivita,UUP1UlYJH_QL4m5HVyikcxfQ,316000,29451116,1349
UCoAgNeXIYsBVvagMtQ9hBrg,數位媒體實驗室｜N Media Lab ,UUoAgNeXIYsBVvagMtQ9hBrg,221,24738,25
UC0cfzWV6zhlvQkGuYsNhdAQ,加拿大留学生俱乐部,UU0cfzWV6zhlvQkGuYsNhdAQ,291,14144,21
UC3kQ0haNPv7noBojBxyPPsg,小白新君Zoe,UU3kQ0haNPv7noBojBxyPPsg,37500,1279362,169
UCl6aTZq4Cmd2cP1UNhEFBnQ,Lady LeidiG (LadyLeidiG),UUl6aTZq4Cmd2cP1UNhEFBnQ,185,25371,10
UCkRRJJuh1gSzVT-DHCTxV4A,Sharmilan Vipokan,UUkRRJJuh1gSzVT-DHCTxV4A,61300,3525380,543
UCR2LHLiQmL_zEJnlCiyyxAA,索菲亚一斤半Sophia1.5,UUR2LHLiQmL_zEJnlCiyyxAA,142000,11657957,221
UCS3nuaXXw7nsiSzdJ5HJaoQ,民視讚夯 Formosa TV Thumbs Up,UUS3nuaXXw7nsiSzdJ5HJaoQ,1020000,1049465119,53149
UCUUcX8Aqw-nDzjNdBK_9DIw,ShinYi Chou,UUUUcX8Aqw-nDzjNdBK_9DIw,1120,189313,56
UCiwAq-gMzcZDler4J_akA_Q,朱英楠David,UUiwAq-gMzcZDler4J_akA_Q,13400,1072889,43
UCbxBFbkrl9FNHuWLF4Cs71g,六个女生的探店vlog,UUbxBFbkrl9FNHuWLF4Cs71g,381000,2299095540,3526
UC5wz6xsFXdpqkopDsWADFPw,考而思教育,UU5wz6xsFXdpqkopDsWADFPw,358,31674,2347
UCgulBPxrHQsxBlLmm3e9Vgw,Malaysian Students Association in Shanghai,UUgulBPxrHQsxBlLmm3e9Vgw,554,35238,30
UCZd4BcnCEHzfrWoMKRaxPTQ,特廚隋卞,UUZd4BcnCEHzfrWoMKRaxPTQ,23800,6463269,385
UCXT1lD9WEUAEO4KNSZFVniw,01job,UUXT1lD9WEUAEO4KNSZFVniw,15400,1791275,749
UC0fWkYCwiqPclxRKLM_MRsA,Anastasiia Arora,UU0fWkYCwiqPclxRKLM_MRsA,547000,290291816,330
UCTtrUoVyVtBMFgfU9PouY6w,Jen knows 榛知,UUTtrUoVyVtBMFgfU9PouY6w,2700,134994,76
UCvaqpXOcPE6Kvvn6x-D2jYQ,餐饮研究员王刚,UUvaqpXOcPE6Kvvn6x-D2jYQ,131000,24481925,98
UCbv05Pps1oV_bpHBRNiavHA,Fanny在德国,UUbv05Pps1oV_bpHBRNiavHA,5290,306355,413
UCwvntSIlWk39gKN75ilEIWw,Shachi Mall,UUwvntSIlWk39gKN75ilEIWw,103000,17249077,1387
UC7YqPsj2ejH6ref5V5aN3og,直通硅谷,UU7YqPsj2ejH6ref5V5aN3og,1930,122664,242
UC5IZoMHDRHV9j7MYMGNO_Ug,品城記,UU5IZoMHDRHV9j7MYMGNO_Ug,260000,193514314,3075
UCM_E0BujIolOBXVMWj4wA3A,民視佮你講,UUM_E0BujIolOBXVMWj4wA3A,1080,300913,350
UCa1tvqVpjkLDHuaPU5hEw8A,哇塞幾張,UUa1tvqVpjkLDHuaPU5hEw8A,2150,480875,1889
UCT6k1jUhPL_d9GnCGNegi8A,阿星探店Chinese Food Tour,UUT6k1jUhPL_d9GnCGNegi8A,898000,475303377,577
UCa8NLpvi70mHVsW4J_x9OeQ,Data Application Lab,UUa8NLpvi70mHVsW4J_x9OeQ,30800,1108856,674
UC3JlEHCbbs5jdsXOWcSomCQ,阿聪皓皓,UU3JlEHCbbs5jdsXOWcSomCQ,1470,274356,120
UCGetiqFX7l-8unkK1LyrG3A,AdviceWithErin,UUGetiqFX7l-8unkK1LyrG3A,1060000,469510792,906
UCAuUUnT6oDeKwE6v1NGQxug,TED,UUAuUUnT6oDeKwE6v1NGQxug,27200000,3114118040,5522
UCH7mW0_WXTMTysMdnhhXPKg,朴朴甜食记,UUH7mW0_WXTMTysMdnhhXPKg,1280,561775,775
UCSzWT_s7UFLdQbxqiuuCBgg,Xin Lyn 昕霖,UUSzWT_s7UFLdQbxqiuuCBgg,3220,325155,84
UCN15jH4WGAHjTm9iiCYzMOQ,Hello fufu,UUN15jH4WGAHjTm9iiCYzMOQ,2690,288381,97
UClt4oYsJnjgOThbslZp3G6w,心理話 簡單說,UUlt4oYsJnjgOThbslZp3G6w,1090,37570,27
UCh4tfiE2rJSLev7i8iS7kfA,小帅探店,UUh4tfiE2rJSLev7i8iS7kfA,121000,243799792,3703
UCeeTPGAM-JVhKXiS1KjqvvQ,BBCo,UUeeTPGAM-JVhKXiS1KjqvvQ,2190,123606,100
UCGnwMQLcCsDQzGh_vufQBtw,Data Architect Studio,UUGnwMQLcCsDQzGh_vufQBtw,9770,781708,255
UCwjGhvE66Lyu4OydPPtbNjQ,Techpodofficiall,UUwjGhvE66Lyu4OydPPtbNjQ,45,39165,10
UCG2VTUUT3OWEYcAEi3ELamA,职挂云帆 Career Voyager,UUG2VTUUT3OWEYcAEi3ELamA,1810,37213,93
UCTZNkAMzDJz6v0elPkbq_3A,美加留学“怪谈”,UUTZNkAMzDJz6v0elPkbq_3A,128,185252,91
UCuwc7PvKvKo_iact7wH93sg,Austin Education,UUuwc7PvKvKo_iact7wH93sg,83,4260,18
UCitH_4O05W6r5P-L0DEkVaw,ZERO ONE 01,UUitH_4O05W6r5P-L0DEkVaw,736,86616,115
UCLYmJ2Wg85pyqkLPMQnnwww,IT అబ్బాయి,UULYmJ2Wg85pyqkLPMQnnwww,2410,928249,778
UCpVv3mmbw4BmvbFLLfUu6eg,函,UUpVv3mmbw4BmvbFLLfUu6eg,217,127573,133
UCxxopAWQFsu-SkofLcoXUqA,是真的月饼,UUxxopAWQFsu-SkofLcoXUqA,0,59,191
UCkkg0jqwmn5F73bvPFOmUJg,Declassified MBA,UUkkg0jqwmn5F73bvPFOmUJg,1630,708229,88
UCQ4CmL0YnFn9j6JMjmSbyzw,澳洲助推学院 澳洲新西兰IT工作内推,UUQ4CmL0YnFn9j6JMjmSbyzw,1170,27110,45
UC7Buio2aPjRH5HHnIrR1Kpw,Lemon Coders,UU7Buio2aPjRH5HHnIrR1Kpw,3620,2040573,612
UCYqtGv-Cd3TAo777ItOSDQg,Jagrati this side,UUYqtGv-Cd3TAo777ItOSDQg,4760,1789936,312
UC5OlbDImgXAJTidd8nyelBQ,孫榮Kai Son,UU5OlbDImgXAJTidd8nyelBQ,328000,32994896,538
UCwE1bQvG6ugcRkLO5PFzJZg,Versatile Mahesh,UUwE1bQvG6ugcRkLO5PFzJZg,58,91838,18
UC6fvBLM5ntljUOYOjiGM2BA,特厨隋坡 (重新出发版),UU6fvBLM5ntljUOYOjiGM2BA,13000,1760615,90
UC8y1VGUlYjFOWVfFYIQvd1Q,是个泡泡,UU8y1VGUlYjFOWVfFYIQvd1Q,5830,784342,464
UCq4au0A7Ix34_PtXvUftH9Q,神神颠颠之婧婧宜,UUq4au0A7Ix34_PtXvUftH9Q,246,53194,14
UCAvntNXsLs7h00FVOuNfxQg,Lizzie Li,UUAvntNXsLs7h00FVOuNfxQg,517,53333,10
UCgBBlO5M7DjsejTBH_uJcmQ,Jasmine Zhang,UUgBBlO5M7DjsejTBH_uJcmQ,23100,1433820,122
UCxOovSkrYZPyVisRfCYDmUg,有车CLUB,UUxOovSkrYZPyVisRfCYDmUg,408,5119,456
UC0yFC1iaXGM4ixYU6l4JlBA,恶搞一切,UU0yFC1iaXGM4ixYU6l4JlBA,219,143875,293
UCtv1kOY3MEuk4T32mXG2kkg,下饭计划,UUtv1kOY3MEuk4T32mXG2kkg,195000,95922431,857
UC-5Lj4DjkIOv1ZGBvSIAOYg,hello! 棕榈君,UU-5Lj4DjkIOv1ZGBvSIAOYg,251,106894,29
UCsEA1uSNx6dDt9Il7ZjY7RQ,Film strikes,UUsEA1uSNx6dDt9Il7ZjY7RQ,473,81907,227
UCPUCa2VKhY0YfiYA4X1sbuw,温村喵的喵 Vanfoodies,UUPUCa2VKhY0YfiYA4X1sbuw,1860,430845,151
UCZCvtlqRFrJ8LPfvWkO0V3A,小姐姐刘一口,UUZCvtlqRFrJ8LPfvWkO0V3A,1280,460217,1135
UCwQzhR19KrLWq1Lo6lFTfEw,SoVanSoHot,UUwQzhR19KrLWq1Lo6lFTfEw,528,132208,196
UCtRechBWGLeEF3NEU4BoIbA,焱史纪,UUtRechBWGLeEF3NEU4BoIbA,302,134022,160
UChTCpdDIleSUvjJ3nWuo0dA,China Discover : 月亮之都 魅力宜春,UUhTCpdDIleSUvjJ3nWuo0dA,2550,3962112,717
UCfjqMfr5mq1xfQcKRlvUhUg,圆脸小乖,UUfjqMfr5mq1xfQcKRlvUhUg,0,1746,0
UCJV0WjTzyttjYtQLnaujL_g,iris,UUJV0WjTzyttjYtQLnaujL_g,59,95337,116
UCJw6iEl77dVk6jK9lUi1MnA,好乐游日本,UUJw6iEl77dVk6jK9lUi1MnA,57,14753,224
UCy10DeIGiWqWgkqWHoxWlrw, 纳豆奶奶,UUy10DeIGiWqWgkqWHoxWlrw,4,332,130
UC3yOMFdjhTzsqFqhHRaLsbg,海外中餐视频[周记美食],UU3yOMFdjhTzsqFqhHRaLsbg,1,33,1
UCwvBLY8z9ry_hfGGZu1_bTg,Y的鲤鱼精探店,UUwvBLY8z9ry_hfGGZu1_bTg,988,122074,73
UCSnJY8Yd9EAFMaZUwCZntsw,Nannxxx-,UUSnJY8Yd9EAFMaZUwCZntsw,161,11053,47
UCrANlilawSg-hEhAP5uaeCw,波儿Shanghai Food Authenticator,UUrANlilawSg-hEhAP5uaeCw,11100,2611634,700
UCPUaep9Frb5-NGoQpPNJE6w,gdxx121XXX,UUPUaep9Frb5-NGoQpPNJE6w,1120,81922,90
UCWwWbSH5IKJufXhVJmsVbsw,觅食小野猪Meet Food,UUWwWbSH5IKJufXhVJmsVbsw,20,6409,17
UCnibfVjA8c5ixdgfobbIt7A,巴黎好好玩,UUnibfVjA8c5ixdgfobbIt7A,1290,162022,270
UCm9Ts9tsjcQIZD1Q49xdqjw,大xing弟的试衣镜,UUm9Ts9tsjcQIZD1Q49xdqjw,12,4737,132
UCm7VBksJUcO2n--a6AOhypQ,烹饪大师名厨俱乐部,UUm7VBksJUcO2n--a6AOhypQ,16,22669,144
UCOKgqQjmztCHwhvyPN0c4NQ,方方FANTASIA,UUOKgqQjmztCHwhvyPN0c4NQ,2100,178915,189
UCY5O8QS7Falu0X1LmU28tlg,德国派 - German Pie,UUY5O8QS7Falu0X1LmU28tlg,14400,1735884,158
UCd_ylTR8SFYnOJWMQyJ8QxQ,老外克里斯30号7点幽幽益生菌,UUd_ylTR8SFYnOJWMQyJ8QxQ,4190,1598388,51
UC6c4diMUrlFk7p-FcEuoTdA,바카라돌아온잇뽕011,UU6c4diMUrlFk7p-FcEuoTdA,558,23600,149
UCuQpJWlSQtO9g2YJNjd48RQ,小唐的宝库,UUuQpJWlSQtO9g2YJNjd48RQ,361,275175,119
UCYqAuueR-O1Kl-YPkvl9GPg,小王子聊澳洲,UUYqAuueR-O1Kl-YPkvl9GPg,2,1000,12
UCVgP1p8dKwRpOb6zTaSK2uw,这是十九_NT,UUVgP1p8dKwRpOb6zTaSK2uw,23,5719,165
UCjNsO-s5PdgUWvwYKX9tZcA,一个肥脸,UUjNsO-s5PdgUWvwYKX9tZcA,190,31929,43
UCcI75_psmQ-dQraeEeOPWtA,美食评测,UUcI75_psmQ-dQraeEeOPWtA,102,16551,259
UCW5fkLkQO6vXEz5ABZLHwCg,香喷喷的小烤鸡,UUW5fkLkQO6vXEz5ABZLHwCg,22200,526950,88
UCrlhQaeIMFwirCHLAOo6QpA,-大安安,UUrlhQaeIMFwirCHLAOo6QpA,68,12691,265
UCpFm8YOiPJneUeZnSz-oMPw,天天都有新鮮事,UUpFm8YOiPJneUeZnSz-oMPw,92200,30837910,1402
UCBWwcSmT2c_Ny6DkA0aBeYA,李砍柴,UUBWwcSmT2c_Ny6DkA0aBeYA,464,109621,216
UCTMJN2NBCf5aQKwXNzCvpBg,优兔哥,UUTMJN2NBCf5aQKwXNzCvpBg,357,132246,125
UCzvLdMkF4PAQwEhLQotaZPg,胖胖的可爱,UUzvLdMkF4PAQwEhLQotaZPg,83,1290,20
UCcuaHRhMC-lixss0JDNAtpQ,在路上的日常,UUcuaHRhMC-lixss0JDNAtpQ,404,157859,862
UC6QBkNglJXMMGkL1hgq9w2Q,Photoshop cc crack,UU6QBkNglJXMMGkL1hgq9w2Q,23,27926,79
UC9TuoWIq43NdqyuylAod-6w,爱吃面包的花花,UU9TuoWIq43NdqyuylAod-6w,999,269182,182
UCbCS9CCQVWiU1dsKleD3xaw,一扎贝拉,UUbCS9CCQVWiU1dsKleD3xaw,35,3441,18
UC8V-XV_qKcPB6Qango0iVbQ,了不起的阿然 Food Review,UU8V-XV_qKcPB6Qango0iVbQ,742,82763,54
UCWi700VrrdHuFbh0WLYm0DA,小犬Reatz生活日記,UUWi700VrrdHuFbh0WLYm0DA,614,623819,553
UCMaI_KwWr7Siu9T-Z_x_bkw,笑笑打卡LetsGo,UUMaI_KwWr7Siu9T-Z_x_bkw,1150,254045,350
UCeBblCVrW4Rq9wDhsjOhhjA,哇塞几张 ,UUeBblCVrW4Rq9wDhsjOhhjA,12,5118,346
UCVyaHhwz3Idx8pfR1RVtEgA,China Cradle 山西:华夏文明的摇篮,UUVyaHhwz3Idx8pfR1RVtEgA,77400,116905801,5738
UCP6huxPfaFjl_kM_B9Pk8yg,HappyKidsMeal,UUP6huxPfaFjl_kM_B9Pk8yg,1580,645562,889
UCe1CjpW9oEwptHty7VVYpzw,-大安安,UUe1CjpW9oEwptHty7VVYpzw,20,5204,183
UCwzVIJ8X6atfYp63Flqd0Pg,张司令谈天说地!,UUwzVIJ8X6atfYp63Flqd0Pg,12000,2506604,2731
UCsdtA6DIoOh4Y3wmZ9MDMIA,CACTV加拿大中央電視台,UUsdtA6DIoOh4Y3wmZ9MDMIA,38100,21640662,1838
UCGBSoGPIdHikF-wTiUSYuWg,Baker和老王,UUGBSoGPIdHikF-wTiUSYuWg,4,157,10
UCU-uIVm8m0HGU1o20DR_-xQ,澳洲那点事,UUU-uIVm8m0HGU1o20DR_-xQ,2730,513515,215
UCh7N_BeMink-2BbBBCs-QLw,英国侨报新闻 - UK Chinese Journal News,UUh7N_BeMink-2BbBBCs-QLw,400,100994,212
UCLlfBZ1kKPdYr-y_THlDpmg,新艺海外,UULlfBZ1kKPdYr-y_THlDpmg,150,62314,152
UCHyWqky4S547xr9kDgRJq2A,莎莎旅行记,UUHyWqky4S547xr9kDgRJq2A,7,302,111
UCZQRdVZZjY1e4hrRz3XM2iQ,Yuan和德国光头,UUZQRdVZZjY1e4hrRz3XM2iQ,26900,15063380,616
UChk2aUKdYQm7D14jdTx6AoQ,Yong Wei,UUhk2aUKdYQm7D14jdTx6AoQ,92700,66336199,1360
UCNr_3vUaKI5FpjqNMTV4LHA,吃肉情侣YURI,UUNr_3vUaKI5FpjqNMTV4LHA,23,17228,23
UCuxPS71sqbmBlVtHgUGlnGA,中国媳妇夏安辣,UUuxPS71sqbmBlVtHgUGlnGA,490,77813,623
UCuwu_cuamQvjQfyQzzsmKuQ,Easy Chinese Food,UUuwu_cuamQvjQfyQzzsmKuQ,11500,3714773,646
UCI2MsRexrEnS5zJVmejBmCg,悠然在美国,UUI2MsRexrEnS5zJVmejBmCg,13200,8415448,284
UCRiePGKyWoRgnAGFxbls48Q,Tran Le,UURiePGKyWoRgnAGFxbls48Q,7,2926,224
UC9KgvTNGdmJMOyvrx3m7GnQ,厨房大佬中餐酱料工厂,UU9KgvTNGdmJMOyvrx3m7GnQ,185,115730,131
UC5PRR_J9yjwQRsC2X-b6nPA,英国宝哥,UU5PRR_J9yjwQRsC2X-b6nPA,181,140117,190
UCB-0ev4SiIjXuCCyb4R_DxA,Around The World 環遊世界張向東走遍美國,UUB-0ev4SiIjXuCCyb4R_DxA,3130,1424876,12856
UC90UhlzpdN7fF8TKYLvkBAw,HungryPanda ADS,UU90UhlzpdN7fF8TKYLvkBAw,126,5093963,464
UCVm3pZ3BSsTG_MCNQf43mbQ,我叫胖大猩,UUVm3pZ3BSsTG_MCNQf43mbQ,232,143009,51
UCS2NblYPXRrL5w_BZ8RML-g,豆苗家在德国,UUS2NblYPXRrL5w_BZ8RML-g,47,477,40
UCdm_eox75xMlYSsPkh0rQeg,Friends who play together666,UUdm_eox75xMlYSsPkh0rQeg,4180,2085174,1772
UCz4hQ7KzWpSXUJD4RR_HtoQ,Mymy in China,UUz4hQ7KzWpSXUJD4RR_HtoQ,16,21653,28
UC7x-0_G79wa9W1k7jPUbAkg,北京人闯世界,UU7x-0_G79wa9W1k7jPUbAkg,63300,37177715,936
UChAyIEnTgrVvaADt8_spm4Q,Dollar | 朵拉姐,UUhAyIEnTgrVvaADt8_spm4Q,153,91526,284
UC_CEASaXL-D8AUJMnO4xG3Q,王大丽的生活 Dali Wang,UU_CEASaXL-D8AUJMnO4xG3Q,491,28096,20
UCGS6a-AEQDNuHccBA0N2nwA,西班牙熙游记,UUGS6a-AEQDNuHccBA0N2nwA,1770,1298397,432
UCXOzdAYY217MI8c8EUxw-Ww,新西兰生活Vlog,UUXOzdAYY217MI8c8EUxw-Ww,1080,209788,1175
UCBqQfnciQOSDaU3bAO6pctw,紀更,UUBqQfnciQOSDaU3bAO6pctw,387,50149,35
UCD6qmpLXYfypfUkEMxMv-fw,北欧薇子,UUD6qmpLXYfypfUkEMxMv-fw,0,198,57
UCQ6gaaj4iVdwh_6SWzNtVlQ,Mr.曹,UUQ6gaaj4iVdwh_6SWzNtVlQ,4,847,190
UCVeQbK0CsQVJ8ZORqXxx7bg,"财叔NICK-成都的拽哥觅食记：一生就为一口吃Live to eat,cook to perfect",UUVeQbK0CsQVJ8ZORqXxx7bg,751,299932,485
UCKfoZsBdj_KDlI5tQuuJVEw,夜洛大人,UUKfoZsBdj_KDlI5tQuuJVEw,833,225457,823
UCFFEfv6xBJMahcJmbNeGPZQ,chefeon长膳,UUFFEfv6xBJMahcJmbNeGPZQ,172,350165,248
UCtJDMfn9HoNvw11_8GN9Q2g,康哥voyage,UUtJDMfn9HoNvw11_8GN9Q2g,38,2512,15
UCbBlOScET-le0wu9XGJFzcQ,Yooupi食途,UUbBlOScET-le0wu9XGJFzcQ,431000,95048834,262
UCODShQjdaeCdlfKShfY7e7g,Jomacooking,UUODShQjdaeCdlfKShfY7e7g,524,262530,204
UCSUUJtvmNiiJknWVcXRLWqQ,奥地利的小胡 Who's'HU,UUSUUJtvmNiiJknWVcXRLWqQ,296000,23514527,489
UCgHhoC19DBZn8irCw26fhog,娜娜一家在韩国,UUgHhoC19DBZn8irCw26fhog,1380,266098,287
UCG80W0DwPiqnqWT07TtTb4w,@丹珠多吉Danzhu Dorje,UUG80W0DwPiqnqWT07TtTb4w,2690,1329591,323
UCFBXB22RFCspGrF0k60kkPQ,何齐Peter,UUFBXB22RFCspGrF0k60kkPQ,1240,173756,379
UCIq4BgbGq7bVY8o4Dvdsn1Q, 长空姐姐在南美洲智利,UUIq4BgbGq7bVY8o4Dvdsn1Q,0,9,62
UC55fc_H_DctFTzTLtcdEWIQ,土耳其赵哥,UU55fc_H_DctFTzTLtcdEWIQ,26,20089,53
UC16cT6xnCNYrvjFRIm9M8KA,小愛和賈老師,UU16cT6xnCNYrvjFRIm9M8KA,8560,223499,92
UCyyXrokB3Yf6wDKxc3qPcrg,小猫宇宙,UUyyXrokB3Yf6wDKxc3qPcrg,0,32,100
UCV4Tp9PYsP0U2G2OtRqwzaw,kingwell仟味泰国餐饮供应链,UUV4Tp9PYsP0U2G2OtRqwzaw,28,36864,117
UCGz_Tm1dFJ5XV9LUKh1pb2Q,金融致富,UUGz_Tm1dFJ5XV9LUKh1pb2Q,218,100125,234
UCzqwV0PjKcjag5aVRTB2jFQ,Enjoy Life NW,UUzqwV0PjKcjag5aVRTB2jFQ,18300,9992889,2491
UC9WhbsHnPOHWcHfJy4ns8kA,米拉家20号德国🇩🇪百年圣诞巧克力 ,UU9WhbsHnPOHWcHfJy4ns8kA,1490,1947505,182
UC97ZO4GpKHMZyOlSLKDZRDw,Mr. Hu and Little Potato,UU97ZO4GpKHMZyOlSLKDZRDw,414,182426,679
UCr3DXvSKc_T973ynnFvO31A,shiwen he,UUr3DXvSKc_T973ynnFvO31A,0,139,6
UC4K_LI-Tn3-LshNgG0-YypQ,LIVE NOW,UU4K_LI-Tn3-LshNgG0-YypQ,577000,38219400,4659
UCS0Mb9H4FCkfcM-fsikx8sw,平行與穿越EX,UUS0Mb9H4FCkfcM-fsikx8sw,8,262,15
UC30KnUIy5oIj325JwiBTqxw,SinoVision 美国中文电视,UU30KnUIy5oIj325JwiBTqxw,170000,51710156,2225
UCp2f7tGJGN6R9Muxipem8Nw,寰宇新聞 頻道,UUp2f7tGJGN6R9Muxipem8Nw,1070000,1250395314,77808
UCjIdksw3HJ_0xDUzsseq7KQ,W24NEWS,UUjIdksw3HJ_0xDUzsseq7KQ,319,42894,49
UCsZNAKMlWSY-HQIR2-GKfpA,从故事到成片,UUsZNAKMlWSY-HQIR2-GKfpA,1,73,2
UCcbjV9pxJa5y7pTINthXyrw,Focus全球新聞 Focus Global News,UUcbjV9pxJa5y7pTINthXyrw,534000,459009502,38308
UCWYQJHOEwTvmmpo7d3iwUQw,新闻来了 News Daily,UUWYQJHOEwTvmmpo7d3iwUQw,44900,8035696,13253
UCNrJVgf4j79BuebeMU_0q6Q,东方龙崛起,UUNrJVgf4j79BuebeMU_0q6Q,34,81,48
UC3C919BI3dyDCgQHQVXY6Vg,New Realm Studios,UU3C919BI3dyDCgQHQVXY6Vg,66900,16850712,1014
UCGsT-CwBnWCWW4UWe3QnOvg,英语这样用LEC,UUGsT-CwBnWCWW4UWe3QnOvg,137000,9737296,951
UCGvX57qDwSRj_EzZuOOWo5g,肉肉的财经新闻解析,UUGvX57qDwSRj_EzZuOOWo5g,0,27,5
UChirEOpgFCupRAk5etXqPaA,Bloomberg News,UUhirEOpgFCupRAk5etXqPaA,2750000,1729092290,38608
UCr_F4Y9iboUKlg_ZPm4jkVQ,老梁,UUr_F4Y9iboUKlg_ZPm4jkVQ,830000,122171551,1435
UCG4kGP4ETdKzseQshMCCBKg,东方卫视环球交叉点,UUG4kGP4ETdKzseQshMCCBKg,277000,295589847,19442
UCmgDmqjxbkqIXu4rNbrKodA,TVBS 優選頻道- T觀點,UUmgDmqjxbkqIXu4rNbrKodA,1310000,1275582477,85119
UCKstDTDGOjfj8-_HQ3DO_rg,SMARTnews中文台,UUKstDTDGOjfj8-_HQ3DO_rg,4780,6295865,1841
UC_ifDTtFAcsj-wJ5JfM27CQ,無綫新聞 TVB NEWS Official,UU_ifDTtFAcsj-wJ5JfM27CQ,572000,238810345,33174
UCxGt9wavthhRRaQNQ6uApnw,quankaokou779,UUxGt9wavthhRRaQNQ6uApnw,26,819044,22
UC6zxpbqjwP5F3fwq__X-AIw,NTDCHINESDL1,UU6zxpbqjwP5F3fwq__X-AIw,6520,3228061,192
UC6xKvXKdFxPYjZGc5idYycA,明镜新闻台,UU6xKvXKdFxPYjZGc5idYycA,272000,219723161,15041
UCt5zpwa264A0B-gaYtv1IpA,美国之音中文网,UUt5zpwa264A0B-gaYtv1IpA,2280000,1383263632,78851
UCW862SwgCQ5tnF4O4MYkpsA,Red News,UUW862SwgCQ5tnF4O4MYkpsA,20,17798,142
UCQfwfsi5VrQ8yKZ-UWmAEFg,FRANCE 24 English,UUQfwfsi5VrQ8yKZ-UWmAEFg,3530000,1581442691,121056
UCozgCIN2ZDAId3nHUJBMAEQ,深水时光,UUozgCIN2ZDAId3nHUJBMAEQ,97,16472,508
UCut6XSmeriS5walb79oJBPg,上海尤老师,UUut6XSmeriS5walb79oJBPg,771,762936,1607
UCbHCsXCqUvWy41z5PLVSQ3A,新西兰金融狗,UUbHCsXCqUvWy41z5PLVSQ3A,20,3557,81
UC83_OQeEhmLZYsvJ7aTG3Bg,新聞最嘲點 Mr.姜光宇,UU83_OQeEhmLZYsvJ7aTG3Bg,476000,94254423,1014
UCbFbxUFtl7Xx_4vEcuTRFhg,dangchengka5401,UUbFbxUFtl7Xx_4vEcuTRFhg,1180,3629070,221
UCpbfXQsYBJTwq5lCkwGIeuQ,中国新闻社,UUpbfXQsYBJTwq5lCkwGIeuQ,337000,325695007,44631
UCPOdZVHyFUCS1_P1GggqMtA,张晓辉,UUPOdZVHyFUCS1_P1GggqMtA,1,103,7
UCB0j5suIkQCphmFrYZ0vcRw,传奇之旅,UUB0j5suIkQCphmFrYZ0vcRw,12100,45677622,1205
UCyNOcekemnlmKG84TWbMvlQ,TIME大時代,UUyNOcekemnlmKG84TWbMvlQ,175,103163,252
UCidE5TRTj2CzPqSk7DwLzRQ,一只小d哟,UUidE5TRTj2CzPqSk7DwLzRQ,165,26223,17
UC6ebRQXZfOLrKALxwUh84Sg,TVBS 文茜的世界周報 TVBS Sisy's World News,UU6ebRQXZfOLrKALxwUh84Sg,645000,246250650,11964
UChbwE3bGmhIMRWDkLubi-WQ,Channel33新西兰中文电视台,UUhbwE3bGmhIMRWDkLubi-WQ,173000,66222060,5744
UCjy6jj6eoZ-YxpRXLNpBMAg,《新聞聯播》EVERYDAY,UUjy6jj6eoZ-YxpRXLNpBMAg,127,28977,166
UCi3qh4pZbQ5E-eA8vfY9MWg,GCN,UUi3qh4pZbQ5E-eA8vfY9MWg,57,80640,257
UCfz8l4q5RlOpgJJmZA7Dktw,生活在韩的江西老表,UUfz8l4q5RlOpgJJmZA7Dktw,0,9,101
UCBtRFX_wtHk8Ylk5hy2kbLw,长空姐姐在南美洲智利,UUBtRFX_wtHk8Ylk5hy2kbLw,1,108,110
UCZviM1pTPjYjp4CFnBacblw,Sky Link TV 天下衛視官方頻道,UUZviM1pTPjYjp4CFnBacblw,58800,17357929,13273
UCdbvc-yJ4JQjNGTgFiJIZNA,新唐人電視台,UUdbvc-yJ4JQjNGTgFiJIZNA,1340000,753821218,22152
UCnAsZ46UTeFEgwOEwMezngQ,CCTV中文,UUnAsZ46UTeFEgwOEwMezngQ,1540000,456761748,44862
